SalesID,SalePrice
1227829,15729.213363796698
1227844,31452.422839506176
1227847,49702.14566297898
1227848,96450.0881834215
1227863,26619.40917107584
1227870,30231.518157768158
1227871,27059.83603896104
1227879,20214.539742664743
1227880,18084.181417348085
1227881,28905.97883597883
1227882,58851.62938912939
1227883,77109.67432259096
1227885,39571.12985008818
1227886,41521.102292768956
1227887,21936.760141093477
1227888,21870.225749559086
1227905,21353.53395061729
1227910,42737.15457382124
1227911,33243.130511463845
1227912,45728.76523168191
1227913,24528.789682539682
1227914,39102.56834215167
1227917,10470.04078483245
1227918,18382.583774250445
1227920,41215.367965367965
1227924,31694.087301587308
1227925,21813.20987654321
1227930,10748.3367351784
1227933,16565.95238095238
1227942,19636.83852413019
1227949,29731.70634920635
1227972,18293.738536155204
1227976,42542.100970017644
1227977,11510.850970017636
1227979,43516.51274651275
1227980,12271.39027176527
1227988,18076.20612874779
1227990,11198.707010582013
1227991,12235.715388007056
1227992,18899.177489177488
1227994,29724.52521244187
1227997,11994.378306878309
1228007,54331.046877505214
1228012,69202.6561709895
1228019,35815.701258617926
1228031,22520.176366843036
1228040,69637.48880748879
1228042,19972.916666666668
1228046,10789.772045855381
1228049,74803.9594356261
1228050,38471.67147667148
1228056,9615.634259259257
1228061,29670.548941798934
1228065,7345.19306156806
1228069,6689.647707231042
1228071,79555.37878787881
1228072,79395.64694564696
1228075,33070.78593474427
1228076,34256.79122574956
1228089,57533.01928010264
1228104,18714.792768959436
1228105,48184.58994708994
1228107,30259.063051146382
1228113,62084.94047619047
1228117,43915.599647266325
1228119,48287.98280423279
1228122,47727.412578162584
1228123,64762.960758377434
1228124,11653.713844797181
1228129,39959.33862433863
1228130,57850.337301587315
1228131,57127.17352092352
1228134,55323.03831970496
1228135,59451.29108545775
1228136,32955.24130190797
1228142,14984.052028218699
1228145,66273.45380744891
1228149,33538.86684303351
1228150,28090.66137566138
1228152,58333.879148629145
1228153,14385.972222222223
1228155,5894.50352733686
1228156,41996.62257495591
1228157,47889.898589065255
1228158,48516.66446208111
1228160,24974.188712522046
1228161,21949.05784832451
1228168,12632.80599647266
1228179,20488.972663139328
1228182,21237.396384479714
1228183,10421.378968253966
1228188,82371.67328042327
1228192,20783.048941798937
1228195,28065.76058201058
1228197,26522.84611992946
1228198,19440.271164021164
1228200,11418.488756613755
1228203,19254.444444444445
1228214,35523.1040564374
1228217,20395.03365079365
1228219,58703.94312169309
1228222,11203.493366201701
1228225,12948.785273368607
1228228,16017.021604938269
1228229,14666.822799114463
1228231,13753.140749559081
1228236,15072.038139329808
1228237,7910.678130511466
1228238,37057.1626984127
1228244,27366.176647426648
1228245,27228.95282186949
1228247,16348.18783068783
1228248,17369.984167067498
1228253,15738.36199294533
1228254,15456.933421516755
1228256,34001.22574955908
1228265,15728.951459034783
1228270,50820.555555555555
1228277,23157.99272486772
1228287,123943.11046977712
1228288,59416.37125220458
1228289,17424.393738977073
1228290,19505.251322751323
1228291,21555.833333333332
1228292,44627.76675485008
1228293,23530.303130511464
1228305,48913.21869488538
1228314,36244.60537918872
1228315,85898.99029982364
1228320,20793.82275132275
1228326,23094.153439153437
1228328,56726.48649190315
1228329,35440.05110630111
1228330,27003.09864518198
1228332,54979.75749559083
1228333,25134.63748196248
1228345,21924.382716049382
1228351,14364.365079365078
1228352,19439.977072310416
1228353,15163.189333814336
1228354,41896.190877024215
1228356,41531.59391534392
1228357,11163.384038800703
1228359,58745.803070386406
1228360,64596.421957671955
1228361,65023.41710758378
1228362,39590.39682539682
1228364,58963.13051146384
1228365,49546.7133637967
1228367,62665.22707231041
1228368,62015.70827320826
1228369,7278.691798941799
1228371,27879.79938271604
1228374,17249.59122574956
1228375,8360.887566137566
1228376,32086.306717973388
1228380,13995.396825396825
1228381,40807.93410293411
1228384,15565.502645502644
1228385,15856.853655603649
1228386,12498.711620169954
1228387,13894.70157928491
1228389,12163.147246272247
1228391,23184.292728876062
1228394,19141.455026455034
1228395,16626.468474426805
1228400,49580.942961359615
1228401,18125.64373897707
1228402,32446.644620811294
1228403,44038.458994709
1228404,73917.89782748115
1228406,14455.944264069265
1228411,19215.12422839506
1228415,70857.91534391536
1228416,45764.23200256533
1228421,20532.530423280423
1228422,50813.98609106942
1228424,23142.094356261023
1228426,59518.8552188552
1228429,18604.26410934745
1228430,22291.711091377758
1228437,72453.8492063492
1228438,14842.328042328038
1228439,27047.089947089942
1228442,123286.74142215807
1228494,12118.051366843034
1228496,24074.003126503136
1228498,54938.82716049381
1228499,67254.80379188711
1228503,54921.40933140933
1228506,13702.301587301587
1228508,17648.71916663583
1228509,19922.624458874456
1228510,23874.98176206509
1228518,12992.45480599647
1228519,49986.39730639731
1228524,12373.224005932343
1228525,64574.50917909251
1228533,70360.55174763508
1228535,65611.04898188233
1228536,89815.22707231042
1228542,14333.593875260547
1228553,37160.856481481474
1228561,14180.987053070383
1228562,14928.067680776016
1228568,29440.079365079368
1228569,31153.760020843354
1228570,45254.731040564366
1228572,85364.02116402115
1228573,57149.63884880552
1228575,54189.111552028226
1228579,19114.94691358025
1228582,20790.416666666668
1228583,41460.351851851854
1228586,72961.51455026453
1228590,85158.96825396825
1228591,81364.69055635724
1228593,67332.41622574955
1228594,88706.69973544973
1228595,12937.97538880872
1228598,27513.46220137886
1228604,19609.709395542726
1228605,27625.868606701933
1228606,32799.808201058186
1228618,7370.890873015873
1228619,23770.916305916307
1228622,11893.17169713003
1228623,25048.772045855378
1228627,66478.24074074073
1228628,58693.61772486773
1228629,58234.63624338626
1228630,31725.93594676929
1228631,39290.097001763665
1228633,61750.12786596119
1228634,35631.069624819625
1228635,39670.18558601891
1228640,27966.85405643739
1228641,50284.60097001766
1228642,58464.9470899471
1228643,35884.62301587302
1228648,14651.774791566459
1228649,85970.8311287478
1228650,11657.667949334615
1228654,43830.216049382725
1228658,24436.416446208117
1228659,43512.82627865961
1228660,39249.23721340388
1228669,15502.24206349206
1228670,14243.974426807761
1228672,44141.55463363796
1228674,10427.61616161616
1228675,23676.296296296296
1228678,11941.40013227513
1228681,24913.562610229277
1228682,41725.29341029341
1228683,29308.855820105826
1228684,40836.11331569665
1228685,40429.012345679024
1228699,42479.79717813052
1228700,33576.70414462081
1228702,80802.61904761902
1228703,40792.323853615504
1228706,50213.61772486771
1228714,76773.27160493829
1228724,35138.882275132266
1228727,7233.87634279301
1228730,36221.011904761916
1228731,18592.486772486773
1228733,20770.006613756614
1228734,25733.690476190473
1228735,25617.078924162255
1228736,46337.92813051147
1228737,76089.12317620651
1228738,66249.94929453263
1228744,7912.532627865962
1228746,9531.524470899472
1228750,81874.85449735449
1228751,21098.388447971785
1228757,39865.339506172844
1228759,58998.83665716999
1228760,55525.897867564534
1228761,56160.4541446208
1228762,56697.57716049382
1228763,58346.893738977065
1228764,64487.037037037044
1228776,31029.162457912462
1228779,39597.66093474427
1228781,39924.02717652718
1228785,16251.16688712522
1228788,22180.302579365078
1228789,56680.89947089948
1228794,40344.15856982523
1228795,40107.512345679
1228809,21907.981701940033
1228816,42601.70414462081
1228818,17235.371472663144
1228822,16302.78880070547
1228824,28080.669091710763
1228829,20357.11752445086
1228831,65731.87610229276
1228833,38130.3835978836
1228835,24174.03639570306
1228837,36990.8311287478
1228846,43328.893298059964
1228847,78571.02212602213
1228850,36402.145662979
1228854,17445.656966490304
1228858,26686.88712522046
1228859,42943.057760141084
1228863,76726.42295975628
1228865,39024.724426807756
1228866,59273.31569664901
1228867,38851.41975308642
1228871,50391.040564373914
1228872,60632.73388648387
1228874,15585.22266313933
1228876,10610.96340388007
1228877,10511.676787718454
1228878,10462.884700176364
1228879,11026.483595108597
1228881,11668.210758377425
1228888,6052.991843033509
1228890,12391.212301587304
1228894,12579.220418470417
1228896,10067.103174603175
1228899,26469.781746031753
1228902,66332.2162097162
1228907,72710.48701298701
1228914,20474.964726631395
1228919,32118.871252204597
1228922,14600.488264821599
1228924,28903.586860670202
1228926,18485.591269841265
1228929,43708.45162938914
1228933,107035.67460317459
1228935,11489.383461600128
1228936,11354.391574474905
1228940,53341.83862433862
1228946,48579.780543530556
1228951,28941.82760141093
1228952,28640.44973544973
1228953,80066.47907647908
1228969,66085.51587301587
1228985,33511.08225108225
1228994,27708.478835978836
1228995,21473.16137566138
1228996,13404.426166426163
1228997,14253.555435305432
1228998,64492.07070707071
1228999,20878.088624338623
1229003,10210.978835978834
1229004,10395.2414021164
1229005,10651.61044973545
1229006,60249.11375661374
1229007,24240.816498316497
1229008,10916.58840388007
1229009,6710.692560525893
1229017,28876.203703703704
1229025,75375.8645342312
1229027,14930.138287638289
1229028,32866.71296296296
1229043,18059.618606701937
1229047,39329.012345679
1229049,23763.83377425044
1229052,30351.93562610229
1229053,24700.486111111106
1229054,27391.19488536155
1229055,65523.12269520603
1229057,29384.977954144615
1229065,54939.09241221742
1229080,11786.91688712522
1229083,28034.722222222226
1229086,42286.72077922078
1229087,31661.832010582013
1229092,40948.61552028218
1229096,15519.962822671157
1229099,32176.510141093477
1229100,81268.43253968253
1229101,81108.35978835981
1229102,86899.87874779545
1229103,39800.37698412699
1229104,18143.615079365074
1229105,63591.2506012506
1229112,20127.838403880072
1229114,47953.85321468655
1229119,39232.53026294693
1229128,18396.437389770723
1229129,30771.012706429377
1229133,93944.34403559404
1229135,91955.67239858907
1229137,33084.80780022447
1229138,63980.171957671955
1229139,12272.485670194004
1229140,85479.22442680775
1229142,14224.594356261023
1229143,15000.876422959753
1229148,13705.3348965849
1229150,87685.84195125861
1229220,6437.483465608464
1229223,74803.70650953986
1229227,33673.04629629629
1229236,36088.78747795415
1229241,37256.730599647264
1229242,21960.170194003535
1229257,51660.454144620824
1229262,45479.564694564695
1229289,23058.51631393298
1229290,35025.25352733687
1229291,10639.869929453263
1229292,20420.108465608468
1229293,21406.929894179895
1229295,11591.213624338627
1229296,23052.91887125221
1229300,58855.47178130512
1229314,92589.59636042968
1229315,29520.045855379187
1229316,16077.208694083696
1229321,14179.447731281065
1229322,22982.614638447973
1229323,27646.58950617284
1229324,24854.517195767206
1229329,25028.159171075833
1229331,22475.14109347443
1229336,72713.61111111114
1229337,83995.83112874778
1229338,44037.22222222221
1229344,27996.095679012345
1229353,51439.31257014589
1229368,20597.096560846563
1229372,10204.695767195768
1229387,6147.673941798943
1229388,14421.102039935375
1229395,96608.8351771685
1229396,105174.45546737214
1229397,37376.84744268078
1229399,19116.150192400193
1229402,10650.287257495589
1229403,10961.933421516755
1229409,79230.90388007053
1229415,50413.078603495276
1229422,31696.113315696646
1229425,13660.685626102293
1229428,10535.751322751325
1229429,13803.605599647266
1229439,54321.7672296839
1229443,21833.677248677246
1229444,6655.672398589067
1229454,11917.511022927685
1229455,5979.499559082891
1229459,15773.61463844797
1229463,8310.233245149911
1229471,23950.13548180215
1229473,27327.31481481481
1229474,42094.98015873016
1229475,33802.335377585376
1229476,75910.46095879428
1229477,58536.33156966491
1229480,26874.085097001764
1229497,12985.866402116402
1229498,10888.349867724868
1229511,10641.003086419752
1229513,32588.304673721337
1229514,31457.851531184864
1229515,39419.28571428571
1229516,40625.825517075515
1229517,11890.418570626907
1229518,14609.749779541442
1229519,38872.56172839506
1229520,43172.36872695206
1229521,43807.55391213725
1229522,48211.30291005291
1229523,13691.582892416227
1229536,35352.6607343274
1229539,55496.40211640212
1229541,10646.093569393568
1229543,11025.346119929452
1229546,12269.516093474425
1229547,13409.633237133236
1229548,13328.173901715569
1229549,11476.45208032708
1229553,41029.480719897394
1229564,89831.63580246913
1229567,31804.016754850094
1229580,52650.97222222223
1229581,50087.96075837741
1229582,61593.893298059964
1229583,67067.84050825718
1229585,10088.385020843356
1229586,57011.67548500882
1229589,6297.646384479716
1229590,20746.078042328045
1229591,14027.673440756773
1229594,9498.387345679012
1229597,12129.925885842551
1229601,23168.93738977072
1229604,12404.624579124576
1229606,11061.630341880342
1229609,69881.85084976754
1229620,9976.72827481161
1229622,53917.361111111124
1229624,20763.152557319216
1229639,11624.41658649992
1229646,24328.865740740737
1229648,37227.4184303351
1229649,13723.862433862436
1229654,38526.08024691358
1229656,15455.740299823638
1229657,23001.233766233767
1229671,20101.602733686068
1229672,21763.94240019241
1229676,17965.660874619207
1229677,38646.205908289245
1229679,11535.209164292499
1229680,23277.36331569665
1229681,22021.714285714294
1229689,113265.44091710758
1229690,42408.38504088504
1229691,68432.62586179252
1229708,21695.052910052917
1229711,17985.722502805842
1229726,31494.8955026455
1229728,97495.87662337661
1229729,94947.95194003529
1229730,14498.993706910376
1229734,92138.57804232805
1229739,7348.92328042328
1229740,13327.05357142857
1229741,11446.253306878307
1229742,9490.245590828925
1229743,11611.929012345681
1229754,15124.523368606706
1229759,44867.20105820106
1229762,9996.817765567766
1229763,11100.541225749559
1229772,40230.29761904762
1229775,28558.38864838864
1229777,30763.57583774251
1229783,54952.92568542568
1229784,78487.11860670194
1229785,70954.51058201057
1229789,30638.851410934738
1229790,31437.566137566137
1229795,36278.431337181326
1229798,13829.419973544973
1229804,17622.892416225746
1229807,32889.61640211641
1229809,17414.451418951416
1229810,28325.70105820106
1229811,14510.410052910054
1229812,105075.23368606702
1229814,27332.213403880072
1229816,40254.84567901235
1229817,40125.85317460318
1229820,81268.17901234567
1229821,14269.434303350974
1229822,41145.0639329806
1229825,28020.410052910058
1229827,58724.26807760141
1229832,46152.125220458554
1229841,30711.139770723104
1229842,30687.54409171076
1229848,15850.976631393301
1229860,36574.874338624344
1229862,13124.111552028216
1229869,15278.845691345688
1229873,53719.60758377426
1229874,59874.60361552026
1229875,53419.510982844324
1229876,12301.751543209877
1229877,13303.098845598846
1229878,82683.62433862437
1229879,15264.962522045855
1229884,13571.752645502645
1229889,59847.38536155205
1229890,77639.57451499118
1229893,74966.57186948853
1229896,15712.012786596119
1229902,59236.94424402758
1229905,25490.73737373737
1229906,21144.334215167553
1229907,24487.012786596122
1229908,25519.27248677249
1229910,12594.996913580248
1229924,43039.371438746435
1229927,27113.72755331089
1229928,22944.166666666668
1229929,105783.75460958791
1229930,20714.25485008818
1229932,77616.08024691357
1229934,49704.04761904762
1229937,39374.96693121693
1229939,45904.87686387685
1229942,15194.751984126988
1229948,25472.48456790124
1229955,25331.031746031742
1229970,10024.05974426808
1229974,109994.21516754851
1229975,112639.38271604938
1229977,11355.371151996153
1229999,21414.96472663139
1230003,26349.131393298063
1230004,21570.66358024691
1230005,20886.106701940033
1230008,11677.07561728395
1230010,13297.425044091708
1230011,9678.060846560847
1230014,11650.86574074074
1230018,25873.002645502653
1230019,26044.735449735454
1230020,9591.128747795414
1230021,9590.97001763668
1230022,22312.791005291005
1230025,21085.396384479718
1230029,10113.353174603175
1230030,10311.273148148148
1230032,49372.80964405964
1230037,12875.725749559082
1230038,21846.296296296296
1230039,27464.797178130502
1230041,20426.661816578482
1230047,33599.98256373256
1230094,19416.413139329812
1230106,88506.78791887127
1230114,28339.7552910053
1230117,84372.3168189835
1230120,22431.008253968248
1230121,13171.298500881832
1230122,31979.70618887286
1230123,50319.9007936508
1230133,12752.41931216931
1230139,14549.418791085462
1230140,7574.112874779541
1230146,51817.79982363315
1230149,58297.76234567901
1230150,20258.390652557322
1230156,101902.12742504409
1230162,80940.33509700176
1230165,47198.87786596121
1230166,52088.65961199294
1230167,43956.82539682539
1230169,82949.50176366842
1230170,35355.055114638446
1230171,95406.41313932982
1230172,30782.46693121693
1230173,32389.889369889363
1230174,32467.667147667144
1230175,65542.58758217093
1230176,65186.10169151837
1230177,64982.44428411095
1230178,28676.953262786592
1230179,29179.12257495591
1230181,50749.96252204586
1230210,16518.843294051625
1230216,51316.609347442696
1230217,41749.01251526252
1230221,20974.42670755171
1230222,24506.227954144626
1230227,54782.50440917107
1230230,83752.86836620171
1230232,57076.62477954147
1230233,55057.69340227674
1230234,44865.20542728877
1230235,61780.55026455026
1230236,78078.39947089949
1230237,33321.87830687831
1230238,30287.44488536155
1230239,27550.019841269845
1230265,20465.09457671957
1230266,30555.711580086576
1230267,32440.401635401635
1230268,34694.88977072309
1230274,13337.197290363956
1230277,39968.801306717985
1230286,18265.209435626104
1230287,30296.83465608466
1230294,35574.470899470885
1230300,81548.75881834215
1230301,76570.9722222222
1230303,79482.13844797177
1230305,69812.76455026453
1230309,79414.6268237935
1230312,82648.51190476192
1230314,61542.79721821389
1230321,104590.72911656242
1230322,55577.00617283949
1230324,83956.96649029982
1230325,120283.89787681456
1230326,78788.43474426809
1230327,36264.98677248677
1230328,30957.927689594362
1230329,14947.270723104059
1230338,72062.9651675485
1230339,83438.7619047619
1230341,6664.748937790607
1230342,18079.370811287474
1230364,82164.97971781305
1230366,72455.17857142855
1230369,14853.336419753083
1230370,19969.42801026134
1230374,31600.348324514987
1230376,9530.517436267435
1230389,75315.15532307197
1230390,35626.16181657848
1230391,44882.07671957672
1230393,22919.121773288436
1230401,98619.06084656084
1230404,76691.98853615522
1230405,11252.867063492064
1230409,10597.944604777938
1230410,14045.823873657202
1230411,14007.642656725986
1230412,13378.88604296938
1230413,10966.25418871252
1230414,13726.297799422799
1230420,55576.39550264548
1230421,64282.24426807759
1230422,22177.30599647266
1230423,22217.147266313932
1230424,22647.552910052906
1230425,22607.579365079364
1230426,23212.91446208113
1230427,23805.544532627864
1230428,23457.173721340387
1230429,23602.636684303347
1230430,23274.02557319224
1230431,23597.26631393298
1230432,23502.54409171076
1230433,23274.02557319224
1230434,23342.173721340387
1230435,24051.03835978836
1230436,23388.289241622573
1230437,23212.91446208113
1230438,23770.692640692643
1230439,23482.590388007055
1230440,23387.49779541446
1230441,24042.72486772486
1230442,24369.060846560846
1230443,57173.27380952381
1230446,65194.770923520926
1230447,75437.0171957672
1230448,29615.397927689595
1230457,63315.740740740766
1230458,61609.440035273365
1230463,21444.01435786435
1230464,12273.21097883598
1230477,12951.01851851852
1230481,37379.554673721344
1230495,122558.28322911654
1230496,124449.77793811128
1230498,47111.14814814815
1230499,33747.234347442674
1230502,30644.981261022927
1230503,18951.5233686067
1230513,59546.362433862414
1230514,58563.65800865801
1230519,43957.528659612
1230520,41871.14417989419
1230521,18368.715728715728
1230522,26765.328483245143
1230523,30761.768077601406
1230529,5760.205367163701
1230530,6505.457792207792
1230533,61013.1856261023
1230534,36131.12213403881
1230536,16450.457952541285
1230538,12906.430776014111
1230544,18407.993225909897
1230549,38745.54673721339
1230554,13105.586419753086
1230555,49545.14947089946
1230557,7825.354938271608
1230559,73334.35405643738
1230560,25300.246913580246
1230566,20543.214285714283
1230567,30688.705908289245
1230568,29504.74607182941
1230570,59476.40652557318
1230571,13721.549382716052
1230572,39949.63624338624
1230573,62713.194444444445
1230574,57309.406966490285
1230575,19231.783509700177
1230576,31719.746472663137
1230577,37607.9012345679
1230582,59050.15873015875
1230583,70445.51587301587
1230584,57900.811287477954
1230585,31865.211640211633
1230591,9519.795414462078
1230597,13192.414021164024
1230598,12540.500881834212
1230611,29382.342592592588
1230613,51069.8611111111
1230615,11409.083439708438
1230617,27145.046296296296
1230618,9566.916798941797
1230619,9485.62447089947
1230620,11652.585978835976
1230634,43204.951499118164
1230635,41115.67460317461
1230636,13628.756613756615
1230637,11364.107142857141
1230646,49588.77204585538
1230650,86123.76859868527
1230653,24492.3240339907
1230654,13621.25
1230662,15560.459656084655
1230668,21483.156084656082
1230669,20613.89021164021
1230670,22155.57667949335
1230671,20331.860670194
1230673,34623.60890652557
1230676,20326.1684303351
1230677,19722.132836299505
1230678,22965.060926727598
1230693,36973.4656084656
1230697,9167.233075566408
1230700,11819.818121693123
1230701,10596.75595238095
1230706,47551.93562610229
1230708,29693.917548500885
1230710,25613.701499118164
1230711,25669.803791887123
1230712,13493.044708994707
1230715,12033.966490299821
1230716,29853.240740740737
1230718,13306.073633156966
1230740,23209.054232804232
1230742,14870.849206349205
1230746,10678.776014109342
1230752,17248.068342151677
1230754,36944.90740740741
1230756,53315.23148148149
1230757,13221.65343915344
1230760,27859.135201218527
1230761,40791.5343915344
1230762,45112.4184303351
1230767,11317.314814814812
1230789,25441.789021164022
1230792,10307.347883597882
1230810,51730.88183421517
1230812,70385.87962962965
1230822,52155.60606060606
1230826,65349.360500610484
1230885,28371.77689594356
1230886,27793.977072310412
1230887,13507.716049382716
1230888,25055.983245149917
1230891,37905.54012345679
1230894,49975.41005291006
1230905,23697.905643738977
1230909,40626.082451499125
1230953,40187.77056277057
1230966,49878.49206349206
1230983,20239.029982363318
1230986,82484.6759259259
1230987,39717.07431457431
1230988,23448.65554753888
1230989,81774.5701058201
1231007,9221.174603174604
1231014,102142.32363315696
1231015,71844.07848324516
1231016,95491.7570546737
1231017,10869.98148148148
1231019,58157.134038800694
1231020,84923.8712522046
1231021,40692.6102292769
1231022,19883.1893738977
1231024,36505.6734006734
1231042,22878.686067019396
1231045,18269.757295173964
1231046,81720.16313932982
1231047,22046.122134038797
1231048,24097.83068783069
1231049,23602.552910052913
1231050,23756.90035273369
1231051,23626.569664903
1231054,16211.137566137564
1231060,8875.478395061726
1231068,55564.36287477954
1231073,27096.865079365074
1231074,43318.06517556518
1231075,39413.236331569664
1231079,28681.883224799894
1231080,34985.13888888889
1231081,42015.55335097001
1231082,52029.70458553791
1231091,20105.428992303994
1231098,27293.551587301587
1231102,10422.39087301587
1231105,21234.544422398587
1231106,12102.04938271605
1231107,18950.843654801993
1231108,10852.670414462078
1231111,19463.722663139328
1231112,10565.34766313933
1231113,15396.550505050505
1231115,16645.87544091711
1231120,16124.67813051146
1231127,23919.239417989418
1231128,23927.54188712522
1231129,14874.206349206352
1231133,27909.431617764953
1231152,61046.26743626744
1231153,62959.91382074717
1231158,15101.821348404683
1231159,31128.441358024687
1231160,100171.18265993266
1231161,21782.42572242572
1231164,15269.999999999998
1231168,10995.736772486773
1231183,31218.822751322758
1231184,15800.465167548506
1231185,15876.288580246914
1231189,20818.891093474424
1231194,50880.315255731926
1231195,27930.128467211798
1231196,32158.62914862914
1231197,43069.23941798942
1231198,60324.25485008816
1231200,14101.40652557319
1231201,47752.835097001764
1231204,12909.507174923843
1231205,10082.875264550265
1231206,34421.36844636845
1231207,21115.458553791887
1231213,31438.03571428572
1231242,9725.5610670194
1231243,7827.959435626101
1231244,13187.202380952382
1231245,12080.842151675484
1231246,12301.814373897709
1231250,20552.217813051142
1231262,36211.69312169311
1231264,25486.779100529104
1231265,20651.141975308637
1231267,13615.375781625784
1231269,23277.821869488536
1231275,22083.212081128746
1231276,35047.9122574956
1231284,12526.023769440437
1231297,11961.5873015873
1231298,23132.777777777777
1231299,19282.885626102292
1231300,7613.8667628667645
1231301,27802.361111111117
1231318,13810.482363315696
1231319,27104.651875901873
1231320,12250.934744268076
1231324,37579.14742664742
1231326,19782.233245149906
1231331,35893.946208112866
1231332,54379.623216289896
1231333,38550.805675805685
1231334,61709.9603174603
1231336,9442.581128747795
1231340,12208.869047619051
1231342,35467.33325316658
1231344,32908.788279621614
1231346,11298.33994708995
1231347,8100.854998396667
1231363,38137.5
1231382,11632.244468494468
1231387,62469.17328042327
1231394,30476.944444444438
1231395,31992.6455026455
1231396,34779.5811287478
1231397,28607.934303350965
1231398,57721.92239858908
1231402,22569.09114959115
1231405,9401.167328042327
1231418,15174.56613756614
1231427,7257.957511624177
1231432,40402.27998236332
1231438,39603.02469135802
1231439,11005.290704665704
1231440,25789.947089947087
1231441,22528.139329805996
1231444,12370.871913580248
1231445,10227.943121693123
1231446,94748.29144620811
1231447,26113.991702741707
1231449,28380.971620971617
1231451,36560.088183421525
1231453,32848.07980599647
1231457,43715.39131393299
4244769,8088.877865961198
4245421,10173.897266313932
4245631,15082.371091871088
4245744,7565.967813051146
4245803,29023.14814814815
4245945,36063.544803961464
4245946,31039.332010582013
4245963,38732.99001924002
4245974,35652.76515151514
4245977,36925.526895943556
4246000,38830.933341350006
4246035,21052.28515311849
4246304,24742.824074074066
4246330,25883.683862433863
4246394,32201.66335978836
4246516,37021.92680776013
4247100,68816.49070065739
4247186,37931.56437389771
4247558,6428.316558441557
4247587,7258.48544973545
4247591,7842.056978515313
4247806,10983.594356261023
4247847,8479.491721241722
4247848,8642.666222666223
4248148,11754.640652557322
4248188,10650.081108706107
4248195,10569.600709475708
4248592,13396.55471781305
4248639,23751.139770723104
4248804,30574.232804232808
4249085,60124.41137566138
4249434,11779.482042648706
4249500,12281.610670194
4249501,12870.8664021164
4249564,14622.68298059965
4249598,15240.630511463845
4249657,15994.183902517236
4249784,20089.173280423278
4249870,18442.05547538881
4249900,18338.23272406606
4250006,19108.342151675486
4250011,20542.65144620811
4250165,10613.075396825396
4250166,10929.501763668428
4250170,11259.007936507936
4250180,11019.466891133554
4250181,10859.025573192239
4250187,10829.10092993426
4250189,10823.774250440914
4250195,11690.595238095237
4250196,11044.856701940036
4250532,18410.518077601413
4250533,17344.54356261023
4250720,12137.623456790128
4250723,20568.578395061722
4250724,11050.62389770723
4250736,11692.64991181658
4250737,11184.883156966489
4250740,20668.458144941473
4250761,16341.483686067024
4251102,26177.202380952385
4251551,21753.316297899633
4251556,28765.610670194004
4251567,15955.189594356258
4251571,25817.2266313933
4251577,15934.713403880065
4251578,25856.90917107584
4251599,15391.787918871245
4251600,21383.009058842395
4251932,16672.40005210839
4252078,29026.28306878307
4252090,29593.955026455038
4252210,28401.316137566155
4252211,29555.704866121538
4252220,28306.243386243394
4252230,28717.24927849928
4252433,30022.6278659612
4252435,30135.297619047615
4252518,31192.702821869487
4252528,23119.034391534387
4252745,31270.260079426753
4252771,31964.417989417987
4253077,88057.53908128907
4253122,31189.59435626102
4253168,79104.17107583774
4253319,16397.129629629628
4253334,15340.069745069744
4253816,19181.657848324514
4253821,25511.167107583773
4254197,30223.09744268077
4254420,18337.6601330768
4254430,17898.581649831645
4254432,18541.452020202014
4255593,30945.756172839505
4256309,35058.21649029983
4256767,19988.809523809527
4256944,23047.7270723104
4256946,21345.396825396823
4256949,23602.57275132274
4257562,49950.227072310416
4257625,10648.37834696168
4257911,23934.89858906526
4258258,25220.18959435626
4258379,29350.734126984127
4258743,88113.60890652558
4258746,87803.58906525573
4259415,70721.4241622575
4259422,72558.35537918871
4259441,81080.37678371012
4259443,83906.81216931216
4259495,35088.91093474427
4259919,26360.77380952381
4260544,105758.33333333336
4261266,35856.355820105804
4261719,34846.59391534391
4261850,27333.225308641977
4262040,25726.949755491423
4262383,32939.62742504408
4262648,75649.32760141093
4263175,46200.87081128747
4263629,44591.86688311688
4263635,45406.04497354497
4263640,48113.364197530864
4263743,16190.455246913585
4263815,16355.80467372134
4263994,16225.561167227836
4264243,12836.162057078725
4264883,12533.81032547699
4264937,66730.68763027097
4265049,37632.129629629635
4265438,52917.344676928005
4265461,45246.71596921596
4265929,60617.49779541445
4265934,64836.88211479877
4266464,29050.54320987655
4266504,27107.681657848338
4266674,98647.39417989415
4266675,106737.44268077603
4266764,59150.776014109346
4266861,43956.541005291
4266946,11211.953663620332
4267214,21471.327160493827
4267312,22429.367283950614
4267490,30975.07696007696
4267760,46846.30511463845
4267763,47630.60846560846
4267780,52226.625781625786
4268060,96716.81878306878
4268061,106255.73633156967
4268197,62966.294813211476
4268315,17668.25044091711
4268505,30749.880952380954
4268714,7369.558421516755
4268732,11891.148589065257
4269337,63911.70889295889
4269357,68046.01366843034
4269612,25982.555114638442
4269613,24696.08465608465
4269930,43751.602733686064
4270060,14856.594797178124
4270062,13450.260141093473
4270063,13057.5758377425
4270064,11538.03659611993
4270066,12290.83090828924
4270914,19535.063262786596
4270948,21653.21869488536
4271189,43315.24911816578
4271195,36952.25869809203
4271342,50717.32263107264
4272082,20201.21472663139
4272591,20703.008958633956
4273027,48270.87742504409
4273392,67605.95899470898
4273722,32163.99911816578
4273931,18341.737213403878
4274690,23814.036596119928
4274691,24020.074955908287
4274696,20839.09611992945
4274697,20456.408730158728
4274815,34847.47795414462
4274826,33873.35097001764
4274831,43373.15476190476
4274833,37061.43077601411
4274835,39650.18738977071
4274980,18176.585598043934
4275096,36380.70987654322
4275711,40627.73148148148
4275938,73414.10133076798
4275974,70832.26322751323
4276745,35661.02954144621
4276755,31578.310886644227
4276783,12824.205509860509
4276968,61662.02232643901
4277375,15540.949667616333
4277918,26402.579365079368
4278243,132076.1495911496
4278560,109564.56349206343
4278585,105768.14187355853
4278605,106254.52194410525
4279417,11002.77837902838
4279545,30685.473985890658
4279558,28236.100088183422
4279647,13615.278579445248
4279787,31425.861992945327
4280254,39746.31834215168
4280261,37330.82451499118
4280269,40191.15961199295
4280387,68920.7427449094
4280816,30910.226671476667
4280951,22889.624542124544
4280967,23432.64550264551
4280981,23149.94348244349
4281010,21635.758377425045
4281148,26922.779982363303
4281444,15565.750440917112
4281446,14631.86728395062
4282082,15945.7525653359
4282086,16543.179012345685
4282094,16037.673941798948
4282098,16343.506393298067
4282101,18153.699294532627
4282165,15720.735229276897
4282169,15522.41512345679
4282170,24897.2132034632
4282688,54351.28266794934
4283019,44905.374779541446
4283027,39087.808641975316
4283115,16246.415343915345
4283328,13433.207571749239
4283540,95796.92921276252
4283563,96878.13492063491
4283644,11780.931216931216
4283896,68337.93971460637
4283897,55493.96604938271
4284166,75509.29012345678
4284323,20664.59475709476
4284463,86373.07319223986
4284586,34221.41895141896
4284685,24154.08950617284
4285836,74799.04982363316
4285868,76893.93959435626
4286326,62558.459996793325
4286331,65645.39462081128
4286844,100944.07848324513
4287990,61290.87081128748
4287993,67068.07319223986
4288012,90132.59038800705
4288368,82046.60032868366
4288437,79131.06140772808
4288817,103118.04673721339
4288823,88942.03703703704
4288924,126639.86111111111
4289099,50478.7037037037
4289100,67707.36331569665
4289105,60899.91402116403
4290669,83061.56305114641
4290711,71872.66093474427
4291384,23596.480379188713
4291393,23691.387786596122
4291629,79811.02292768963
4291634,82559.155643739
4291989,32059.540844957515
4292332,81180.69264069262
4292360,89691.28226711559
4292489,27753.128306878305
4292494,27667.017195767196
4292500,26795.645943562613
4292638,27145.139490139496
4292922,29841.537698412696
4293144,33045.886243386245
4293743,16190.728703703706
4293747,14181.698633156962
4294223,112821.94576719575
4294433,58786.660052910054
4294505,31790.548941798937
4294701,91960.69664902997
4294924,60969.757495590835
4295041,64661.68209876542
4295047,48074.9889770723
4295181,49448.154761904756
4295201,70121.00929934264
4295202,55766.6249799583
4295212,70301.88712522046
4295951,52203.115079365074
4295962,64331.99921991588
4296045,87693.32892416226
4296384,34356.582892416234
4296544,61474.1860670194
4296553,57821.52777777778
4296561,44136.54902196569
4296714,23094.56569664903
4296754,99367.94973544971
4296762,98482.07671957673
4296777,85238.48384640049
4296937,64961.345614262296
4296938,54650.11986470322
4297025,110920.44532627866
4297030,102902.60401635402
4297417,92239.83625941958
4297442,91313.33333333334
4297547,16318.668430335098
4297561,18528.03418803419
4298119,58553.311287477954
4298148,102271.75264550264
4298165,29358.9417989418
4298236,32907.89814814815
4298467,28319.01234567901
4298468,30576.320546737214
4298487,28651.188271604933
4298488,28508.0930335097
4298675,31450.551146384478
4298676,31120.097001763676
4298687,32551.567259900603
4298963,34658.269199935865
4299065,37201.276455026455
4299362,18427.822971781305
4299374,58910.7716049383
4299706,68960.40784832452
4299840,16120.401475068149
4300136,38475.86860670194
4300137,38539.387125220455
4300245,43177.1164021164
4300714,31597.967973384642
4300924,11848.979497354501
4301144,32784.206349206346
4301150,37086.86507936509
4301208,83333.34876543209
4301628,91972.51924001923
4301720,16089.94708994709
4301724,13444.825837742506
4302437,14332.428350970014
4302509,93444.18430335094
4303647,74214.87654320987
4303674,70159.47751322752
4303907,16465.052910052906
4303919,13109.054533429535
4303999,64185.75617283953
4304301,90481.47105980437
4304825,51740.71007696008
4304827,39402.85774410775
4304963,13544.955687830688
4305132,57092.263770180434
4305140,62705.1072230239
4305249,15900.746151996156
4305267,15941.236772486773
4305316,15261.63580246913
4305391,15988.274979958313
4306330,30517.692901234575
4306772,73184.52645502645
4307058,42773.72354497353
4307219,83212.90764790765
4307332,39513.562610229266
4307356,76923.97927689593
4307366,15309.830467372132
4307367,15623.28284832451
4307933,16225.846560846561
4308370,13816.191578483245
4309548,53832.14947089947
4310375,11759.968253968253
4310436,15660.125220458558
4310490,16271.030743947413
4310677,24196.46164021164
4310923,20135.487213403878
4311125,16547.16931216931
4311132,12615.859788359792
4311270,28807.654320987665
4311349,13053.810626102291
4311588,33596.1044973545
4311763,48118.76783710118
4311772,66971.31834215167
4311815,75769.05287613621
4311967,29621.492103575434
4311968,25885.134479717814
4311973,29026.943041526378
4312078,46920.484006734005
4312082,45089.95530703865
4312117,48380.43209876542
4312550,56955.000385417035
4312551,48841.43298059964
4312552,45411.986331569664
4312605,76120.5599647266
4313048,72791.74382716048
4313072,44439.47751322751
4313083,45088.67063492063
4313086,45262.48015873015
4313096,45719.24603174603
4313112,65256.21031746031
4313113,68776.43298059967
4313251,18176.29850088183
4313273,27104.87193362194
4313343,57950.73633156965
4313366,71967.34126984127
4313471,54939.920634920636
4313963,30304.73284431618
4314012,30592.065295815293
4314023,32233.85762385762
4314024,30207.62085137084
4314109,12809.797178130511
4314149,10875.401895943563
4314159,11825.981481481484
4314160,10906.354276895945
4314541,32395.621693121688
4314610,30270.669793169796
4314611,30530.471380471387
4314720,43713.71252204586
4314725,43781.07583774251
4314727,35406.170434503765
4314814,53508.84900593234
4315157,60578.43915343915
4315158,52679.87894821228
4315167,65437.61904761905
4315221,85358.53174603173
4315589,50354.03619528621
4316069,47197.10537918871
4316392,61039.88856822191
4316477,20688.273809523813
4316635,22371.490299823643
4316647,22050.006613756614
4316688,25250.16744829245
4316916,9988.050925925923
4316920,10513.001587301591
4316921,10527.61137566138
4317459,7861.016534391536
4317644,33746.12433862433
4318172,11242.314814814816
4318381,10631.15299823633
4318650,15416.145282186953
4318691,8234.853595478597
4318721,9023.33553791887
4318722,9069.645061728395
4318743,8887.548500881832
4318746,8962.006172839505
4318773,9478.371011704347
4319291,14787.308201058206
4319305,15294.854497354501
4319308,16556.832010582006
4319319,16265.217652717649
4319325,16718.194444444438
4319329,21492.96296296296
4319332,13968.16297899631
4319339,14736.772486772486
4319345,16503.008658008654
4319371,25451.38007054674
4319407,10140.927689594359
4319441,12200.48534798535
4319485,12451.866402116402
4319490,14233.255423280427
4319529,15507.407848324516
4319579,13999.766313932978
4319584,13993.9594356261
4319645,16360.846715013386
4319669,14494.77969561303
4319768,16004.292328042327
4319847,17380.305034471705
4320025,20851.244789161454
4320028,19904.683341350006
4320029,20342.527857944522
4320122,25076.31172839506
4320193,21861.87830687831
4320212,22647.696208112877
4320575,26309.285714285717
4320584,26633.240740740745
4320915,29693.445366362033
4320928,28520.29280904281
4320929,29030.53130511464
4320930,28230.338303671637
4321032,27998.61291486291
4321040,26125.454144620806
4321056,26913.150553150546
4321263,20831.7954329621
4321307,22155.85377585378
4321358,25798.85141093475
4321420,28211.193282026612
4321475,26394.315476190473
4321748,33212.62786596121
4321769,31566.854395604394
4321814,33081.72178130512
4322339,22291.058201058197
4322398,26421.494708994713
4323066,30284.417989417987
4323113,48690.52028218695
4323217,47080.72310405643
4323382,14310.79338624339
4323706,19578.493165784825
4323922,27296.240379990377
4323996,26023.480238896904
4324084,42423.23773448773
4324085,40769.95510662177
4324248,49516.25220458555
4324250,50166.43077601412
4324505,66004.86331569664
4324637,17741.951459034797
4324669,14793.484327400993
4324711,16481.455226871898
4324791,30891.289682539686
4324834,14698.242945326276
4325039,41301.50352733686
4325230,18209.55026455026
4325466,93278.373015873
4325637,16509.018959435627
4325987,17617.466931216935
4325988,17640.54894179894
4326147,26644.1832010582
4326150,33102.34848484848
4326233,13757.3721340388
4326437,10057.913580246912
4326699,18290.938191438196
4326700,18240.554593554596
4329901,25470.24679333013
4330204,13752.770723104059
4331970,11669.450176366843
4331992,12953.704805996476
4332248,13072.807880391218
4333483,19110.383597883607
4333649,19525.493827160495
4333858,25200.219456469455
4334240,61844.61860670194
4334319,50609.12698412699
4335058,22575.13447971781
4335121,39542.80523488856
4335122,36053.39518197852
4335126,39653.59447651114
4335530,84786.60273368607
4335531,84884.51940035274
4335620,71437.09335417667
4335883,72951.44841269842
4335931,70084.63844797178
4336204,51119.8653198653
4338675,89316.95747154078
4338677,89184.47290363954
4346657,31340.56689915022
4347823,71748.39726631393
4347826,71233.29144620811
4347828,70931.73059964726
4347926,11181.313131313133
4348340,53908.044532627864
4348342,53908.044532627864
4348984,64438.89991181658
4349003,78131.92486772487
4349362,26955.690035273372
4349834,20668.28703703703
4349885,28475.7208994709
4351836,63601.289682539675
4351867,42053.39947089948
4351918,39001.523368606715
4352532,39220.74695366363
4352646,24659.930134680137
4352753,40674.19372294373
4352787,77775.930335097
4353038,15457.40532307199
4353103,40038.29805996474
4353104,37478.42813051147
4353105,39864.13139329807
4353240,28567.01509139008
4353242,32017.964165464167
4353290,23161.83375266708
4353529,43265.231481481474
4353777,27761.91358024691
4353789,24030.780423280426
4353975,31897.936708353383
4353982,29112.72927689594
4353983,29225.968013468013
4354007,50470.11684303352
4354008,48757.623456790134
4354273,24280.643738977073
4354444,49537.97619047619
4354785,34086.194885361554
4354842,22538.553992303987
4355716,23892.074514991175
4355725,23987.07892416225
4356277,16723.01697530864
4356291,28831.03174603175
4356663,58201.438191438174
4356667,44567.1620971621
4356986,23553.4241622575
4357080,86240.7385361552
4357256,33625.939153439154
4358068,31269.168069584728
4358383,24079.761904761905
4358578,25552.51543209876
4358750,77791.77028218698
4358832,21349.12037037037
4358845,21266.62037037037
4358846,21341.801146384474
4359132,49665.36596119929
4359152,29464.231339648002
4359169,69008.44576719576
4359825,53737.95194003528
4359874,48467.473544973545
4359883,73296.94885361553
4359885,57841.175213675204
4359917,34894.74667308001
4359919,73038.34736251403
4359937,13137.356802148468
4360167,29196.645622895623
4360242,54550.61965811964
4360344,24332.204365079357
4360989,37404.59656084656
4361131,14433.511904761906
4361480,35272.43165784833
4361518,92622.68298059965
4361797,29909.27609427609
4361902,50319.89858906525
4362065,63568.487654321
4362139,73753.44889678224
4362237,85360.930335097
4362238,85426.48589065256
4362276,65651.60493827162
4362801,11368.068783068784
4362802,11286.587301587302
4363091,84801.95907487573
4363093,84462.25228475229
4363646,86585.94576719578
4363907,83078.93121693123
4363919,20189.329805996476
4363920,19872.3721340388
4363925,20430.310846560846
4363933,19745.857583774254
4363939,24229.037698412692
4363941,19331.294091710763
4363942,19618.25176366843
4364082,22911.768077601413
4364085,22534.731040564373
4364522,24128.723544973545
4364527,24038.67724867725
4364552,19894.021164021164
4366781,19990.403940195607
4366809,16865.09894426561
4367025,21751.514550264546
4367062,18705.044973544973
4367110,21618.603896103894
4367120,29810.22927689595
4367122,28307.993827160495
4367162,71092.93209876544
4367177,19574.991181657846
4367342,41634.329805996465
4367353,51504.79938271605
4367401,49220.17857142857
4367475,74957.14065255728
4367538,28817.32623857623
4367540,28987.141053391046
4367572,24324.49915824916
4367573,23860.070145903483
4367578,23357.226230559572
4367628,31955.81990540324
4367635,27460.244308160974
4367638,28138.832671957676
4367659,46133.41931216931
4369537,12284.303350970016
4369540,13160.78373015873
4369542,12412.003968253966
4369543,17233.458994708995
4369708,18219.5639329806
4369712,15256.722222222224
4369846,20106.911375661377
4370052,7956.061728395062
4370053,8011.2469135802485
4370231,5618.486552028219
4370561,7035.0079365079355
4371353,8254.466490299821
4371386,9056.690035273368
4371458,9968.729276895941
4371543,8097.989417989419
4371712,9552.55102613436
4371730,10831.35582010582
4371930,7795.714947089946
4371969,8058.833011124678
4371970,8325.106159272826
4371973,7980.335978835979
4372022,9816.54341029341
4372100,10588.473409306744
4372101,10364.504850088182
4372105,10405.02064293731
4372256,11021.126543209873
4372260,10593.088624338627
4372508,12138.789682539682
4372513,11618.800705467373
4372514,10613.432539682539
4372720,11678.33674042007
4372835,13830.977032227036
4372837,12638.834375501045
4373001,7919.349967933303
4373165,10719.793730960395
4373351,10825.444444444443
4373357,11610.0057319224
4373517,14013.96023729357
4373835,11858.718694885361
4373840,12170.89947089947
4373854,11838.48544973545
4373856,11940.727513227515
4374225,16970.866402116404
4374466,14832.857142857141
4374688,11600.158730158731
4374693,11311.889329805996
4375186,5879.276014109347
4375209,24391.111111111117
4375293,11857.374338624337
4375294,13428.260582010587
4375296,11873.082010582011
4375297,12595.268959435622
4375301,13660.582010582017
4375395,13089.42680776014
4375489,12090.736331569668
4375491,12094.239417989418
4375564,15331.052689594353
4375753,15690.51807760141
4375765,15495.667989417989
4376303,6903.508698092032
4376539,11541.558641975309
4376548,11673.65520282187
4376613,23774.140512265512
4376623,15955.815696649031
4377062,14306.933421516755
4377065,14410.515873015876
4377076,15504.969035594037
4377153,16858.408289241623
4377274,11160.378026294695
4377285,21848.267195767192
4379950,23389.171075837745
4379952,21126.91358024691
4379997,24036.74603174603
4380508,10013.436948853614
4380509,9896.461640211637
4380531,8129.963704505371
4380907,10773.489858906525
4381019,13045.802469135802
4383337,21390.411255411258
4383338,21442.263107263112
4383417,7714.797619047618
4383572,15812.929894179892
4385638,15443.005952380949
4386476,19040.530731922405
4386630,25284.61199294533
4386676,14317.0348324515
4386721,12542.261103094434
4388054,48812.7028218695
4388406,19994.199735449736
4388453,22629.836860670195
4388455,21711.106701940036
4388626,21247.00066137566
4388671,25084.745370370372
4390262,13122.969576719579
4392603,25224.56569664903
4392690,28951.5057319224
4392913,37474.96693121693
4392951,48060.92372134038
4393021,55622.52645502646
4393040,42236.5057319224
4393127,74419.79717813051
4393131,75282.32804232804
4393195,83081.99955908289
4393328,59734.15784832451
4393343,39483.94841269842
4393490,19192.319223985887
4393536,24330.560656627324
4393568,30296.43057559724
4393914,74773.5339506173
4393915,67360.1741622575
4394767,25863.910934744268
4395137,67632.55972422639
4395150,69869.73324514991
4395155,66193.79369087704
4395166,75666.12894821228
4395170,24958.805114638453
4395258,10267.701058201059
4395260,10435.67724867725
4395261,10911.48148148148
4395563,73173.64197530864
4395607,84394.12918871253
4395637,68071.41534391535
4395660,77593.7852733686
4395717,19013.21208112875
4395719,19220.915784832454
4395721,20246.0348324515
4395727,20214.553350970018
4395869,12495.7582972583
4395936,35725.20382395382
4398799,12011.344596761266
4398905,12484.576940035275
4403585,25846.355018438346
4408235,12792.361111111108
4408493,14673.78086419753
4408495,15855.767195767197
4408824,32097.678571428576
4409244,9882.731481481484
4409306,12928.005731922402
4409367,19291.470458553787
4409613,10407.70392416226
4409636,11638.784972743304
4410505,13939.429453262785
4512375,25556.661856661856
4512376,34902.88860830528
4512377,30552.72597001763
4512378,32764.94819223986
4512379,52726.24482924482
4512380,67312.04144620811
4512381,17143.210978835978
4512382,22416.478174603173
4512383,37031.984126984134
4512384,39707.31922398589
4512386,90445.62037037036
4512388,62261.737213403874
4512389,33397.034431617765
4512390,87433.06577681577
4512395,25674.666105499444
4512398,33187.356501523165
4512404,16111.56261022928
4512405,22722.97839506173
4512407,12067.391636141638
4512408,12122.788800705464
4512409,14181.664462081128
4512412,8896.53086419753
4512414,12017.907848324516
4512415,11690.242504409172
4512416,12227.37714446048
4512417,11690.242504409172
4512418,11167.93716931217
4512419,12049.07848324515
4512420,12050.564975148307
4512421,13796.613756613755
4512422,14465.337301587298
4512423,14465.337301587298
4512424,15237.105379188713
4512425,15077.238756613757
4512426,11147.003544295208
4512427,10401.902557319225
4512487,66088.9838864839
4512490,40818.059964726635
4512499,48759.49735449735
4512504,39301.78350970018
4512505,40585.817901234564
4512506,15381.168430335098
4512507,20662.544091710763
4512508,28029.513387846724
4512510,30803.383650793654
4512511,10746.425264550264
4512515,16931.348404681736
4512539,63907.37433862434
4512543,27623.602292768966
4512545,91973.69047619047
4512549,26843.088624338623
4512550,29317.927689594355
4512552,20227.416225749555
4512553,20862.594797178128
4512554,20691.093474426805
4512557,19862.098765432092
4512558,24715.169753086422
4512559,23472.325837742505
4512560,26108.45017636684
4512561,24715.169753086422
4512562,25572.52094356261
4512563,45489.76190476191
4512564,29487.705026455027
4512567,27992.8516313933
4512568,28314.8688271605
4512570,52227.64971139971
4512572,19514.993386243386
4512574,28069.12698412698
4512576,43913.198853615526
4512577,37401.97751322752
4512578,78021.50392817061
4512579,79186.12033028701
4512580,71773.20326278661
4512581,82897.2795414462
4512582,29659.50066137566
4512585,52452.81746031748
4512588,35508.90327881995
4512596,19324.269280102613
4512597,32194.21075837743
4512599,45734.729276895945
4512601,18727.414021164022
4512602,19894.682539682537
4512603,56003.791887125226
4512605,55778.84379509379
4512606,18578.73809523809
4512611,21595.357142857145
4512612,94353.09775132276
4512615,65333.119488536155
4512623,10796.833012666346
4512627,55744.96913580246
4512628,68526.8783068783
4512629,123960.5282526116
4512630,123960.5282526116
4512633,57321.26984126984
4512634,21904.775386650388
4512635,19139.677282593948
4512638,34275.927729677736
4512647,65266.695326278656
4512648,12928.664021164024
4512649,42603.85141093475
4512662,43523.88407888408
4512672,8628.4623015873
4512691,39215.91931216931
4512692,40939.4708994709
4512693,47238.94179894179
4512694,21604.158249158245
4512695,29782.041446208117
4512696,26668.807319223983
4512698,51071.74242424242
4512699,56192.6099286516
4512703,9390.928667628667
4512705,10599.336419753085
4512706,26460.83333333332
4512707,25593.28042328042
4512708,29451.33597883598
4512709,29451.33597883598
4512711,35426.48853615521
4512716,27329.43342151676
4512717,32960.55174763508
4512788,38411.5762786596
4512789,38411.5762786596
4512844,33069.49206349206
4512869,66107.42063492064
4512871,28144.04894179894
4512872,30811.623897707224
4512873,13961.86618165785
4512921,13047.64740660574
4512922,21075.36596119929
4512930,57752.68578643578
4512931,67498.22530864197
4512932,17382.58054994388
4512934,37531.32936507936
4512936,50445.39001122333
4512937,50614.60758377425
4599064,15998.24955908289
4599077,32113.904320987655
4599093,64837.5992063492
4599098,40139.609788359776
4599118,40221.70194003526
4599121,62520.25352733688
4599131,10716.868979785644
4599152,13104.973544973547
4599161,17787.896825396823
4599162,7492.3472222222235
4599167,14045.772807439476
4599226,19268.068783068782
4599241,47901.80114638448
4599251,28347.68097643098
4599295,28111.917989417994
4599296,46715.08156966491
4599297,38514.39594356261
4599311,10846.36574074074
4599334,15317.93540564374
4599344,20775.185185185182
4599358,12418.732363315698
4599361,18752.73148148148
4599363,23439.888668430332
4599398,47802.270723104055
4599400,26376.65072581739
4599433,40803.54938271605
4599447,21887.36331569665
4599464,14719.81772085939
4599480,13567.059082892416
4599529,92944.76230559564
4599578,14244.935626102291
4599603,23860.595238095237
4599606,16152.308982683988
4599610,21263.710317460318
4599612,17554.8544973545
4599616,22931.24779541447
4599617,30018.198853615515
4599619,33746.60273368607
4599621,22544.94488536155
4599626,45422.232643899304
4599669,28493.119087702413
4599670,29497.58377425044
4599678,19151.781305114637
4599711,23841.280062530055
4599782,20193.57263107263
4599845,63823.02910052909
4599857,46178.96785313452
4599861,54057.80423280421
4640299,12431.230158730157
4640302,41006.102292768956
4640304,31583.709215167542
4640305,25743.855820105815
4640306,49063.238536155215
4640308,9498.762125220459
4640310,69978.91875100207
4640311,23919.561287477947
4640312,12426.865079365076
4640313,17785.26014109348
4640314,19312.140151515152
4640317,27725.552950136287
4640318,18990.42147667148
4640319,28302.40881032547
4640320,19023.58706108706
4640323,30287.79894179894
4640324,30143.66313932981
4640325,29587.552910052906
4640328,27317.608024691355
4640329,29784.98456790124
4640333,77367.33706108708
4640334,27360.723104056437
4640335,83299.15564373897
4640338,49039.044813211476
4640339,26233.21328362995
4640341,43207.773769440435
4640342,28992.68558601892
4640344,19139.585537918872
4640345,19605.511463844796
4640346,21690.227433060765
4640347,47820.82892416225
4640348,22194.455467372136
4640349,43475.42107583775
4640350,33934.34964726632
4640351,44666.252204585544
4640352,39041.50132275132
4640353,31211.25000000001
4640354,44526.3602292769
4640355,43464.93827160495
4640356,45455.12125220458
4640358,34841.3425925926
4640359,26033.17239858907
4640364,30993.280423280426
4640365,39422.24162257496
4640366,37288.05246913581
4640367,42852.819664903
4640368,15232.506613756614
4640369,23470.92702821869
4640370,19096.32275132275
4640379,125960.2178068845
4640382,81102.02801827804
4640386,10276.055355138687
4640388,31119.16125541126
4640390,113871.00970017636
4640393,68402.09656084653
4640394,80836.49470899474
4640398,30740.824514991178
4640399,32837.41582491583
4640400,97312.0701058201
4640401,26805.8840388007
4640409,63556.59611992944
4640410,63938.31569664901
4640411,88617.71164021164
4640412,59829.76190476191
4640413,13861.249999999998
4640414,39428.412698412685
4640415,11543.24464886965
4640416,11711.022426647429
4640417,12899.588844797176
4640418,11696.525953984288
4640419,14659.865520282188
4640422,17493.924162257503
4640423,17812.39417989419
4640430,19622.948412698406
4640432,11399.147025813694
4640433,15276.683862433865
4640434,19254.217372134044
4640436,14855.795855379192
4640438,61918.62754529422
4640440,21079.168871252205
4640442,16625.788139329805
4640443,14806.179894179895
4640444,24855.13798701299
4640446,28058.227513227514
4640447,28068.086419753094
4640448,26626.77028218695
4640452,25659.347442680777
4640454,24587.1274250441
4640455,24073.623336540008
4640456,49908.41798941799
4640457,25828.48544973544
4640459,15308.649470899469
4640511,40161.97861552028
4640512,61696.45723104058
4640529,26687.84832451499
4640532,64760.66798941798
4640534,14863.61972903639
4640535,21810.62610229277
4640536,54229.97269705602
4640537,58158.96164021164
4640538,36681.0119047619
4640539,37276.882716049375
4640540,38361.58529741863
4640541,56487.14726631393
4640545,35047.2735289402
4640546,31773.75771604938
4640547,74985.25132275134
4640549,53860.94877344878
4640551,71118.20386403718
4640552,18173.184269434267
4640553,24703.37301587302
4640554,27503.699294532627
4640555,19388.555996472664
4640556,62018.12830687831
4640557,28090.381393298056
4640558,42530.686728395056
4640559,63138.42672759339
4640566,39073.75330687831
4640570,15738.917718084389
4640572,13770.632515632515
4640573,22675.185185185186
4640574,13986.413139329807
4640575,15906.827601410938
4640577,11634.913379830046
4640578,12412.716049382721
4640580,14206.09126984127
4640581,11939.704585537917
4640582,11942.645302228635
4640583,11778.544973544973
4640584,11195.566578483245
4640585,14933.443562610222
4640586,13908.0114638448
4640590,17083.134920634922
4640592,22757.44939474106
4640593,24538.197851531182
4640594,16941.23416090083
4640611,10476.936507936509
4640612,10582.126623376624
4640622,20635.939153439154
4640624,71617.21941638607
4640630,36757.65271765272
4640631,53628.55379188713
4640632,49190.67460317461
4640633,29465.11547711548
4640644,14884.332451499116
4640710,12210.493827160495
4644290,16632.330246913578
4644325,13898.384038800705
4644359,26201.044973544973
4644373,16439.57451499118
4644376,11936.358686067018
4644377,17260.806477473143
4644396,15277.708213083213
4644432,13169.17724867725
4644436,35117.496099579424
4644437,37136.53218694885
4940196,39966.73581048581
4940197,36841.90255731922
4940198,61874.97574955908
4940199,25859.82804232804
4940200,8300.97222222222
4940201,11264.985329485331
4940203,10719.37578162578
4940204,10475.412918871252
4940205,15912.989078822413
4940208,12677.197971781306
4940209,19473.878747795417
4940210,19512.51631393298
4940213,24712.220017636686
4940214,26344.15343915344
4940216,26634.2934303351
4940218,29928.75801667468
4940219,16061.272847522847
4940220,15817.65873015873
4940221,29514.889269680945
4940222,18277.513668430332
4940227,91626.54320987655
4940228,27433.441358024687
4940229,20549.46192079526
4940230,64555.361351611355
4940231,64527.751924001925
4940240,48026.664462081135
4940241,69203.62433862433
4940242,96178.05996472662
4940244,19010.07495590829
4940246,40892.70482603816
4940249,37912.11419753087
4940254,45876.536596119935
4940260,31454.21296296296
4940261,62346.83581850247
4940262,41181.92901234567
4940263,21968.923761423757
4940264,26172.483365400032
4940265,28604.647266313932
4940266,58656.19929453263
4940267,16628.61794532628
4940268,15999.926246592917
4940269,9828.803791887125
4940270,75951.12233445568
4940274,19411.82319223986
4940275,37070.06613756614
4940276,37257.054673721344
4940277,22726.953583453578
4940278,45155.35273368607
4940280,35773.0643738977
4940282,46195.175364758696
4940283,31125.956790123462
4940284,30668.70811287478
4940285,34522.460317460325
4940294,44223.63315696649
4940296,47589.61900753567
4940297,50227.061287477954
4940298,64127.79801988135
4940300,12023.214285714283
4940303,14625.352733686064
4940304,27471.11892736893
4940305,21895.95458553792
4940306,38367.06569664902
4940310,67120.10602052268
4940311,20499.00793650794
4940313,19600.851571268235
4940316,10051.754699775534
4940319,17209.526014109346
4940320,16589.536235369564
4940323,24963.14858906525
4940324,39540.89285714286
4940326,46680.196649029975
4940327,22942.67448292448
4940328,19534.056437389765
4940329,58935.739738656404
4940330,56830.54132595799
4940332,23255.996472663137
4940333,33942.369047619046
4940334,33647.86155202821
4940335,65686.35361552026
4940337,91079.46305114638
4940338,81109.98456790124
4940340,59910.18738977072
4940349,47328.87125220458
4940350,20167.89792768959
4940351,79568.01366843033
4940352,89057.44929453262
4940354,37547.28795895462
4940355,32474.448853615522
4940356,77603.40828924159
4940358,31729.490740740755
4940360,14742.38185425685
4940363,14117.396384479713
4940364,102532.27513227517
4940367,19142.822751322754
4940368,12604.33311287478
4940369,12998.453483245152
4940370,15916.459435626099
4940371,79974.64285714288
4940372,11525.907186948854
4940376,41420.9583934584
4940378,17500.455347122013
4940380,11762.608225108228
4940382,19872.63227513228
4940383,44216.29449254449
4940384,26860.1278659612
4940385,58516.200697450695
4940386,52168.21208112875
4940388,41528.77425044092
4940389,48763.12910854576
4940390,66934.29393137725
4940391,47409.290123456776
4940392,9986.337522045855
4940396,14009.702380952383
4940397,11526.533068783068
4940398,27468.79409171076
4940399,24634.695767195764
4940400,24891.19047619048
4940401,26359.014550264546
4940405,30508.439153439154
4940408,19823.3201058201
4940409,26044.552469135804
4940410,37218.194244027574
4940411,34266.97310405644
4940412,30136.09728234729
4940425,14840.675705467374
4940426,25157.351491101494
4940518,16703.917107583777
4940534,29390.12956950457
4940535,40142.40630511464
4940536,52081.216931216935
4940537,68198.08862433863
4940550,22040.64373897707
4940551,38703.921957671955
4940571,16453.181056597718
4940572,30203.499879749885
4940579,24529.424603174608
4940580,33558.06016514349
4940581,41371.43759018758
4940582,39541.133357383354
4940583,28400.50730904898
4940584,51493.39947089946
4940587,18828.370811287474
4940588,19326.1684303351
4940589,19042.220017636682
4940591,20031.202601410936
4940594,9349.786315536317
4940595,33061.45767195768
4940597,26797.879188712526
4940598,94196.81878306878
4940599,94294.95811287477
4940600,93188.04673721342
4940601,98423.03130511464
4940602,16153.964646464647
4940603,33997.80543530543
4940604,24198.511904761894
4940605,24329.442239858905
4940606,40555.19400352732
4940607,13921.81525573192
4940608,14389.730820105822
4940609,36372.94532627866
4940610,88743.49807599808
4940611,68672.06850248517
4940612,81724.30555555553
4940613,74666.27204585538
4940614,80270.82671957673
4940615,78433.75440917109
4940616,81671.29409171073
4940617,91436.97250280585
4940618,90014.86050986052
4940619,88788.91754850087
4940620,88158.89991181658
4940621,90480.91209716212
4940622,90082.96516754851
4940623,91516.53819945488
4940624,94901.67768959436
4940625,95637.64550264551
4940627,39571.0928731762
4940628,79699.81922398588
4940629,70866.64021164019
4940630,11441.862373737375
4940633,59745.820105820116
4940639,16568.77070306237
4940648,35457.86772486772
4940649,44083.11728395061
4940664,11051.80224867725
4940665,11475.006613756614
4940666,11512.460317460316
4940667,11833.543209876541
4940668,11631.217592592593
4940669,12232.941934608602
4940670,12208.679894179897
4940671,13690.76511143178
4940677,22129.261463844796
4940678,18790.059523809523
4940692,8083.438311688312
4940693,10123.49783549784
4940694,32486.83990392325
4940697,40219.8401675485
4940710,38492.66059557727
4940714,20616.67989417989
4940728,24631.913580246917
4940729,25902.116402116404
4940730,25591.402116402114
4940731,45830.876022126
4940732,30653.80731922399
4940733,32846.31974506975
4940734,49464.065255731926
4940735,27967.460417668754
4940737,20581.138367805033
4940738,88002.87337662339
4940893,10375.346119929456
4940916,8889.13249559083
4940917,8946.26168430335
4940918,8946.26168430335
4940919,13863.426948051949
4940920,14745.1102292769
4940964,12072.484567901236
6074115,46067.95855379189
6074121,53408.93959435626
6074135,17793.76102292769
6074140,12453.986091069428
6074143,16938.135429385427
6074144,22858.96274250441
6074151,14176.569664903001
6074153,20203.205166746833
6074156,10124.025573192243
6074184,91070.04729838062
6074202,47706.55643738978
6074230,87374.27248677249
6074254,17802.254188712523
6074259,88388.15255731923
6074261,62324.32639890975
6074270,21965.050705467373
6074278,30821.428571428576
6074283,68784.24162257496
6074284,61290.888447971774
6074291,15880.124779541451
6074297,104808.02737386074
6074298,68221.32936507938
6074299,13573.761022927689
6074301,11101.264229597562
6074311,14609.978856020523
6074320,11482.11724386724
6074321,12297.548941798941
6074325,12998.78086419753
6074334,21950.370370370372
6074342,19069.46288279622
6074369,21362.95855379189
6074376,31712.7447089947
6074377,32079.248236331565
6074378,21680.141093474424
6074380,71460.30423280424
6074381,73636.99915824916
6074384,15143.222001763674
6074391,82356.44400352734
6074433,65584.68253968253
6074434,56021.24779541445
6074442,13796.296296296294
6074460,36535.88403880071
6074464,51589.889770723115
6074480,94638.58225108223
6074507,57699.25925925925
6074532,16744.667548500885
6074550,32445.886243386234
6074554,77217.94532627866
6074582,11462.998236331568
6074584,13850.089385922724
6074587,20455.89065255732
6074589,30179.6151996152
6074591,42101.55423280423
6074592,47925.35052910052
6074594,53374.55607663941
6074595,55206.00849767517
6074597,57265.74615199614
6074652,12196.567019400352
6074653,18606.946649029982
6074660,19778.800705467373
6074680,22739.953703703697
6074683,30684.25685425685
6074688,31512.308601891942
6074705,43130.72470739139
6074717,15758.264770723106
6074721,19281.313932980593
6074772,25826.51835818503
6074784,72650.13868847203
6074790,82715.47839506173
6074808,20874.081535748202
6074809,45012.61904761904
6074903,38545.47178130512
6074908,12835.009920634922
6074923,54074.62742504407
6074925,46030.47178130512
6074935,51706.23456790124
6074938,58310.56938431937
6074944,37372.85682219016
6074945,48054.3668430335
6074947,22538.698853615515
6074950,33530.50745550746
6074952,28581.541005291005
6074953,36094.68253968254
6074968,14964.740961199295
6074969,14050.887445887445
6074981,27353.304994388327
6074990,23787.468033509707
6074991,37990.4360670194
6074993,38509.30996472662
6074994,24988.736772486765
6075006,19959.29633637967
6075007,14417.815255731924
6075019,7881.130070546737
6075031,9961.462742504411
6075042,8816.803350970016
6075048,11827.278218694884
6075058,11193.978034311365
6075100,19821.184864518193
6075105,13043.864438031109
6075118,7588.416666666667
6075174,20674.417989417994
6075175,24677.07892416225
6075176,70354.10714285713
6075188,65268.932780182775
6075198,78699.12898829566
6075288,9903.961840628504
6075289,11454.980158730157
6075290,14871.51439794773
6075293,15635.838243546576
6075294,22942.726631393303
6075296,26857.480158730163
6075297,10556.360229276896
6075299,19206.869047619046
6075310,20756.232363315696
6075337,11338.207671957674
6251866,11468.686067019398
6251926,40896.00809684143
6251932,55014.107142857145
6251997,16531.324955908287
6252015,12091.428130511464
6252018,21847.821669071673
6252025,33910.74374699374
6252027,15320.96119929453
6252039,13434.53262786596
6252149,26416.36904761905
6252161,21557.646890146887
6252186,6582.498677248675
6252203,15204.509078884075
6252207,14626.395943562615
6252221,21026.417548500882
6254472,11992.988876863878
6254481,14589.217933301268
6254485,7980.674382716047
6254491,8061.944223985891
6254492,12330.268518518516
6254498,10274.290824915826
6254500,10877.117504409172
6254513,16154.380511463845
6254514,16154.380511463845
6254520,8392.906846240183
6254523,9134.47011784512
6254537,9425.413459996791
6254568,13359.126984126984
6254574,15125.619288119291
6254579,16640.670394420395
6254583,16465.072951739614
6254590,15339.764309764314
6254592,16359.632235048897
6254594,15273.88470017636
6254596,14579.142857142857
6254598,15331.409357617693
6254613,11446.979717813052
6254617,14222.16666666666
6254628,12752.973785473787
6254630,11942.78743787077
6254639,14498.201058201059
6254647,14121.240079365083
6254658,15107.547899631234
6256234,18755.472968389633
6256236,14459.52623795957
6256243,25891.14329805996
6256252,9976.62918871252
6256253,28123.701499118164
6256285,12345.330908289245
6256292,8981.57275132275
6256302,11039.38492063492
6256332,6942.369488536156
6256333,6687.866341991341
6256334,6805.294252044252
6256339,17699.6975308642
6256348,32581.38928972262
6256372,12297.07188644689
6256380,10438.78543771044
6256475,28388.45017636684
6256478,26974.519400352743
6256490,16210.956790123455
6256491,13577.826278659611
6256510,15094.672178130511
6256516,11319.139991181659
6256528,11052.93490460157
6256531,11936.462389770722
6256554,12043.106261022924
6256558,12723.735229276897
6256559,11925.692019400352
6256607,10191.537037037038
6256609,10322.560185185188
6256629,9674.039682539684
6256633,10023.303350970022
6256634,9426.462081128748
6256654,8829.098985890652
6256657,14705.738015071347
6256691,12905.613275613276
6256693,13448.580687830685
6256694,15010.382275132277
6256701,14384.852292768963
6256749,7060.601410934744
6256761,24129.70789241622
6256763,26863.191137566137
6256765,25903.46119929454
6256767,32954.43151755651
6256770,45281.227072310394
6256771,46815.42019400351
6256772,47383.24206349205
6256774,31623.238536155197
6256776,28045.826719576715
6256777,31641.59391534392
6256782,27733.813932980604
6256786,25857.03924162258
6256787,26903.234126984127
6256788,27108.86463844797
6256793,35078.01587301587
6256803,25494.069664902996
6256808,28395.57940516274
6256815,37799.36568061568
6256819,29015.834535834536
6256821,35528.71031746032
6256825,33757.9012345679
6256827,35694.49074074074
6256837,32743.03270803272
6256840,33642.28835978836
6256843,49960.69356261023
6256844,52329.53042328042
6256847,36027.23985890653
6256864,19255.856782106777
6256964,20793.529541446213
6256965,21748.619929453263
6256966,22424.95590828924
6256967,22478.6860670194
6256969,26383.88007054673
6256970,23251.232363315692
6256971,17944.16335978836
6256977,18777.82567740901
6256978,17789.649029982367
6256979,21287.255291005287
6256984,21643.02028218695
6256995,22611.02072310406
6256999,22647.662037037036
6257009,25830.677910052913
6257010,24964.795033670034
6257013,21844.266212182876
6257016,18310.48240339907
6257022,29024.5171957672
6257031,37288.07980599648
6257034,38409.79409171076
6257037,45979.99779541446
6257040,54046.190476190466
6257041,49280.6922398589
6257042,46181.915784832454
6257055,29608.098544973538
6257064,38662.62506012506
6257065,32440.952380952385
6257067,37294.40917107584
6257069,59064.309964726635
6257074,37923.69929453262
6257077,39314.817019400354
6257078,41416.26322751323
6257082,42556.44400352735
6257083,42941.16622574957
6257087,81762.52645502644
6257090,47305.275234025234
6257092,54201.19929453262
6257094,80983.11137566138
6257095,83127.20843354176
6257096,80500.44779541445
6257097,58981.25220458553
6257103,47334.135802469136
6257105,69387.60361552029
6257106,68160.29982363315
6257107,64482.735690235706
6257111,68639.06305114638
6257117,52647.38756613757
6257125,74305.48194336526
6257141,17218.597001763672
6257258,13349.021164021167
6257263,20983.493386243386
6257276,28312.883597883596
6257288,14333.79563492063
6257290,10795.13029100529
6257296,65038.44396344398
6257299,67533.96825396824
6257316,61558.88888888889
6257317,60244.41578483244
6257319,71465.98765432098
6257321,40785.3695687029
6257322,63703.8516113516
6257335,39822.28174603174
6257408,11666.32275132275
6257410,12668.760361552031
6257414,7786.8553791887125
6257423,6529.092804232803
6257451,6990.182539682541
6257452,6854.769199935866
6257454,8003.569664903
6257460,8723.141313932982
6257461,8482.676763668433
6257474,6289.96693121693
6257475,6478.969997594996
6257477,6599.155202821868
6257479,6443.900352733682
6257481,7349.169031585698
6257488,7775.254729838064
6257494,8892.857804232803
6257496,7901.764109347444
6257504,6905.318342151675
6257508,8780.861531986533
6257509,8237.260682219016
6257515,10189.198412698413
6257527,9048.819444444443
6257528,9927.463403880072
6257533,10804.34644059644
6257536,9222.296496713165
6257537,9650.247294372295
6257538,8511.386624178293
6257540,9750.61728395062
6257541,7725.060185185184
6257554,9610.169532627868
6257556,8449.933862433862
6257561,10375.490740740739
6257572,9020.391192141193
6257573,8951.425925925927
6257574,9016.174721883057
6257577,9075.650472983805
6257582,9602.095198011866
6257583,8835.808641975309
6257587,10097.914682539684
6257594,10936.854256854256
6257598,10151.094532627867
6257602,12089.679914221582
6257613,9083.25308641975
6257614,9236.259038800705
6257618,8880.947530864198
6257622,10197.742151675484
6257625,10638.649150232482
6257634,8755.70767195767
6257638,11009.42438271605
6257649,10010.535113035114
6257652,8917.35229276896
6257667,9139.96208112875
6257676,10156.472041847042
6257678,10504.71340388007
6257679,9368.242243867244
6257686,10846.556657848323
6257698,10490.33377425044
6257703,9731.551366843034
6257704,9650.616382074715
6257708,10791.557319223986
6257709,10563.991710758377
6257710,11158.452689594358
6257711,11092.001410934745
6257722,11439.586640211639
6257725,10528.000440917107
6257731,6144.648589065256
6257733,11759.39704585538
6257743,10023.53519320186
6257748,10404.320887445887
6257752,9978.286515953183
6257753,12775.812991021325
6257819,20003.321208112877
6257821,17949.60939831773
6257822,14474.981541606538
6257825,11862.954453262788
6257828,23849.246031746035
6257831,19241.634700176368
6257838,21700.674603174608
6257839,20255.42328042327
6257840,25996.21869488536
6257853,28556.223544973538
6257855,25193.66622574956
6257857,20975.906084656082
6257898,28667.123015873014
6257906,20154.428164428162
6257907,33741.487493987486
6257912,29192.331048581054
6257913,28594.207351290686
6257917,34366.31746031746
6257926,28945.925925925927
6257936,35696.0563973064
6257942,28076.082451499118
6257948,28556.441798941793
6257954,41867.703222703225
6257967,40485.615079365074
6257979,50868.00044091711
6257986,58168.322751322754
6257992,55511.847442680795
6257993,54794.545855379205
6257994,55346.10670194005
6257996,52979.393738977065
6257997,57808.624338624315
6258011,49643.33774250442
6258015,48965.39682539683
6258026,64393.33092833093
6258044,53184.11884411885
6258061,54704.738977072324
6258063,61275.38780663781
6258064,54576.44881353214
6258067,29130.25888247554
6258070,37810.36155202822
6258076,18850.97743306076
6258090,12915.884038800705
6258095,12599.46097883598
6258097,10999.26366843033
6258099,11498.430976430976
6258110,10984.883597883601
6258113,11151.537037037035
6258116,11568.883177008178
6258118,12049.209656084655
6258120,11331.796957671959
6258125,11509.00462962963
6258127,12222.648609106942
6258128,13313.010582010582
6258133,12272.557870370369
6258136,11746.372574955907
6258163,10427.129409171079
6258168,14520.75396825397
6258174,17233.290043290046
6258177,14139.794973544977
6258178,14759.104938271605
6258180,13637.950837742508
6258182,16192.164902998235
6258187,14396.88924963925
6258200,14898.731261022927
6258201,15584.738756613759
6258214,15311.193783068786
6258219,15582.538359788365
6258224,14825.692239858909
6258226,12594.986772486769
6258229,16305.382495590833
6258232,17763.35074955908
6258234,16907.28142536476
6258237,18089.543650793654
6258249,17099.58774250441
6258250,19447.94392336059
6258252,18559.395943562613
6258255,18404.408970658973
6258269,19238.769841269845
6258270,17938.410293410296
6258272,19485.895061728395
6258273,19276.49911816579
6258274,18907.531265031263
6258277,18453.170775212442
6258279,18624.091309924635
6258285,18499.732142857145
6258289,11123.2107984608
6258291,11532.496472663137
6258305,12704.75308641975
6258310,15799.106425364764
6258312,17008.593474426812
6258313,17564.56746031746
6258315,17330.41225749559
6258317,18423.498677248677
6258318,17730.74074074074
6258319,17973.664021164022
6258321,16672.270442520443
6258322,19629.89137405804
6258326,18920.43650793651
6258327,18574.281305114637
6258330,21099.464285714286
6258334,17814.819223985894
6258336,20198.47582972583
6258338,20522.99963924964
6258364,16045.442019400347
6258365,17132.90013227513
6258366,19208.185626102295
6258368,18834.986772486773
6258370,19325.5930335097
6258376,18727.27954144621
6258385,17957.414021164022
6258386,18465.57319223986
6258388,20373.313492063495
6258389,17561.649029982364
6258393,18681.88580246914
6258412,18773.938892897222
6258420,20986.007495590824
6258425,13792.055776014107
6258429,20832.006172839505
6258444,20067.20859387526
6258449,21089.004629629624
6258451,19851.913379830046
6258471,17376.611351611355
6258478,15648.343153759819
6258479,16436.697530864196
6258487,16048.51521164021
6258495,28418.258597883592
6258496,24292.56525573192
6258500,30912.113796697136
6258503,37986.84523809524
6258504,38165.5784030784
6258506,20814.547042463706
6258508,20373.928571428572
6258517,20810.372875581208
6258523,20481.518959435623
6258528,19742.322611030944
6258531,20365.24029982363
6258533,19882.76675485008
6258539,19187.75272566939
6258541,19758.016975308637
6258542,23086.82052515386
6258545,22341.194985569982
6258564,21351.025132275132
6258565,21441.706349206346
6258566,20115.002204585537
6258567,21154.839065255732
6258568,21366.633597883596
6258569,20841.68690877024
6258578,24512.173721340387
6258579,24364.792768959436
6258585,23359.345238095244
6258586,23224.409171075837
6258587,25858.053350970014
6258588,24457.91446208113
6258590,23692.832892416227
6258596,24986.16261824595
6258599,24982.79401154401
6258601,24427.48015873015
6258602,25026.90335898669
6258604,24427.48015873015
6258612,19769.36768478435
6258615,20895.94474969475
6258622,23678.03130511464
6258624,22692.486772486773
6258625,23477.131834215168
6258627,26395.535714285714
6258631,27417.682980599642
6258635,24151.914381914383
6258636,24416.399911816578
6258638,28356.97398589065
6258639,24073.735369568705
6258640,29356.723585056916
6258641,27332.112874779545
6258642,23833.86764470098
6258662,22859.39594356261
6258692,23105.248015873018
6258695,31558.61992945326
6258696,27189.745470578804
6258699,23107.139770723104
6258707,21029.614999198333
6258718,19591.64902998236
6258721,25527.697009780346
6258722,24267.54409171076
6258724,24159.73985890652
6258725,24239.157848324514
6258728,24081.090167548504
6258730,26080.06661856662
6258732,23743.062570145903
6258733,24067.201278659613
6258737,24163.084215167546
6258738,23994.053130511464
6258739,24067.201278659613
6258740,24099.423500881836
6258741,24118.33553791887
6258745,25194.991983325315
6258749,25196.197530864196
6258751,25391.15608465608
6258754,25347.92724867725
6258756,25416.156084656082
6258760,26986.377465127454
6258761,25362.452380952378
6258765,26187.625701459037
6258768,25966.34748276414
6258771,20861.436948853618
6258773,26418.129709796383
6258774,26086.524771524775
6258775,24819.473905723906
6258782,25874.210758377427
6258784,26466.18165784832
6258787,28837.48456790123
6258788,29466.51565255733
6258789,26544.22398589065
6258799,27422.977994227993
6258811,18236.701940035276
6258880,9656.114417989415
6258887,16316.433982683984
6258893,53530.4686440103
6258900,28767.90764790764
6258906,27048.024290524278
6258908,26572.77517235849
6258910,28085.44532627866
6258917,27085.06132756131
6258939,26112.73328523328
6258941,29722.724867724875
6258948,27379.345238095237
6258953,26027.79188712523
6258956,23227.306397306398
6258957,27938.46560846561
6258964,26031.782186948854
6258966,26046.597001763665
6258967,27117.93959435626
6258968,27042.77737694403
6258969,26661.574154240818
6258972,27024.920234086887
6258977,26227.236331569668
6258980,27445.930335097004
6258982,27023.530944364265
6258985,27087.492183742186
6258989,26585.77380952381
6258990,27792.60141093474
6258992,27650.72971781306
6258993,27616.761463844796
6258994,27778.46119929454
6258997,26664.314373897705
6259009,26482.436067019404
6259010,10656.656044572712
6259014,79973.59347442679
6259015,30223.380230880233
6259017,28901.85405643739
6259024,29218.593474426812
6259027,29652.546296296296
6259030,28893.449328449326
6259035,29580.842151675493
6259036,26552.352292768956
6259039,30186.53218694885
6259046,30449.12678371011
6259047,30602.064894981562
6259054,26921.080246913578
6259063,27248.234126984127
6259064,26980.45634920635
6259070,24248.40718694885
6259071,24057.791005291005
6259076,27610.617283950618
6259079,27273.359788359794
6259080,27083.511904761905
6259082,27546.904761904763
6259084,28769.32198973865
6259086,27453.730158730163
6259089,26836.88051146384
6259090,27033.392857142855
6259092,29565.05932339265
6259094,27541.957671957676
6259098,26702.563932980596
6259104,26862.563932980596
6259106,27290.127865961193
6259108,27774.63403880071
6259112,28560.0352733686
6259122,28356.01631393297
6259126,28372.39638447971
6259128,28372.39638447971
6259130,28528.456349206343
6259133,27911.915784832447
6259136,27594.296737213397
6259146,30325.381794131794
6259151,30345.315656565657
6259159,30234.157848324514
6259165,29343.69268077601
6259166,30590.529100529104
6259172,29995.65917107584
6259174,29672.104577521244
6259176,30392.0634920635
6259178,31130.723104056437
6259184,29591.651034151033
6259193,11971.01781705948
6259219,14402.227332852328
6259220,13269.64285714286
6259230,14386.52948132115
6259238,12397.576058201059
6259240,13734.042007375341
6259247,30909.324194324206
6259248,30126.398809523813
6259251,30173.37522045856
6259252,30772.21560846561
6259253,28550.209435626104
6259259,30209.88095238095
6259260,30228.769841269837
6259261,30228.769841269837
6259262,29816.68430335097
6259264,29843.489858906523
6259265,30015.60105018439
6259268,29653.434744268077
6259269,30688.882275132277
6259270,29751.009700176368
6259274,29688.75220458554
6259276,30761.21874779542
6259281,30857.418430335096
6259286,23766.210317460318
6259287,29928.31790123457
6259292,30665.098324515002
6259293,31372.732804232804
6259296,31147.281746031753
6259312,30967.00440917108
6259324,55938.09303350968
6259328,50157.635582010575
6259341,12805.358950617278
6259349,17662.80864197531
6259352,14147.510361552031
6259356,14767.673059964729
6259373,13615.798059964724
6259377,13588.761022927687
6259391,14784.170502645502
6259392,22695.210638127304
6259401,17742.646384479718
6259402,17552.937389770723
6259403,17738.948412698413
6259405,87690.75817700817
6259408,30707.37874779541
6259413,32100.57539682539
6259420,30361.59110950778
6259421,31276.887125220455
6259424,31910.09860509861
6259425,31580.40255731923
6259437,32463.73176206509
6259443,24168.902116402114
6259447,75963.98457190956
6259448,75211.04569597068
6259449,77143.83509700178
6259454,80110.42927689594
6259455,80617.95041378375
6259456,76212.16778591777
6259487,15059.00917909251
6259488,14877.125821709149
6259507,15054.457671957673
6259510,15414.582932499598
6259511,15414.582932499598
6259516,14784.170502645502
6259517,15126.48849607183
6259519,14701.040564373894
6259535,15365.077160493827
6259536,14690.37808641975
6259537,15180.119047619046
6259540,15339.441798941798
6259560,31752.105379188717
6259561,32805.211640211644
6259564,32058.63035113035
6259581,84478.93879268879
6259629,15001.5233686067
6259641,16372.345679012342
6259644,15840.965608465613
6259652,14656.815255731924
6259654,48269.726631393285
6259676,20026.94444444444
6259732,28991.871693121695
6259739,7284.228996312329
6259743,6563.323833573833
6259745,22670.263447971785
6259823,28316.355311355317
6259826,30332.16483516483
6259827,30596.156016822682
6259830,30843.643298059967
6259846,26679.063051146382
6259848,27543.61111111111
6259849,28997.012786596122
6259850,29445.41446208113
6259860,29646.368496472667
6259882,14458.445767195768
6259884,25263.37238378905
6259892,22824.24319507653
6259894,21458.345759179094
6259897,29174.345407678746
6259898,24647.766122766123
6259917,12875.393783068781
6259938,12870.38079204746
6259946,15260.779320987656
6259947,15747.544512586179
6259948,14777.189153439156
6259952,15630.837962962962
6259954,15680.877845919513
6259956,15472.928110469782
6259957,15965.74118165785
6259959,20492.05507455508
6259960,16207.554232804232
6259971,13742.074735449736
6259978,15702.428771845438
6259980,15645.484327400993
6259982,17590.166931216932
6259983,17590.166931216932
6259984,12177.009579926244
6259995,16744.22619047619
6260084,14507.78298861632
6260087,12840.94312169312
6260093,12824.739858906525
6260175,59016.39329805997
6260194,61678.17680776014
6260195,59202.892416225746
6260484,105349.28571428571
6260518,28421.931216931225
6260525,28993.833774250434
6260527,26407.956349206353
6260532,26125.761183261184
6260533,25228.635962802633
6260546,27942.741402116408
6260551,28921.74462882796
6260553,28040.273368606708
6260555,25489.42680776015
6260695,17442.853334936673
6260699,18792.764550264554
6260703,20336.922398589064
6260704,20590.470979637645
6260705,19492.308802308806
6260706,19405.79513387847
6260709,20208.653599486937
6260732,70927.0811287478
6260733,64928.624338624344
6260739,71566.81216931218
6260742,74717.12522045856
6260744,71829.60758377424
6260747,71161.20811287477
6260755,59937.329044412385
6260757,51359.05643738977
6260758,55915.3020282187
6260760,62583.57443482443
6260763,64987.94312169312
6260767,38748.333333333336
6260780,32317.50881834215
6260786,38503.77825877826
6260790,34705.0292608626
6260792,33555.370370370365
6260794,31152.967372134037
6260808,20228.994708994713
6260809,13601.329805996473
6260820,15359.543650793648
6260874,13012.635097001763
6260877,13354.175485008818
6260879,14721.265933140934
6260887,14443.660714285717
6260906,65198.69183285849
6260921,69490.30643738977
6260925,34578.90211640212
6260947,40819.20634920633
6260951,17645.960097001767
6260955,18996.854497354492
6260960,18667.493386243386
6260965,17771.68530543531
6260970,22597.546296296296
6260976,21331.310525893867
6260980,19692.37037037037
6260981,21068.201058201055
6260984,18628.61662257496
6260998,22440.066137566137
6260999,17655.957792207795
6261005,20709.235008818345
6261012,19618.992945326274
6261013,23041.560846560846
6261014,23041.560846560846
6261016,23172.81746031746
6261021,21682.8602292769
6261023,23781.088183421518
6261026,22777.156084656086
6261041,15797.780423280421
6261042,16956.856261022924
6261057,13791.284171075842
6261063,20234.216169632837
6261065,22228.41710758378
6261069,19913.2671957672
6261071,22086.4594356261
6261073,21818.06657848325
6261090,43296.07784191117
6261091,44814.40135481802
6261101,58067.025412858755
6261102,43173.28042328042
6261131,30502.222222222223
6261133,31156.67700817701
6261298,51232.350088183426
6261301,39417.515432098764
6261302,36912.55311046979
6261310,38646.9885361552
6261313,41636.8716931217
6261317,50076.31172839506
6261321,45854.543650793654
6261323,47599.68795093796
6261326,46805.34832451499
6261327,49566.47727272728
6261356,10619.297619047618
6261462,15923.902877986211
6261463,12339.848897707234
6261467,12961.582804232803
6261477,17009.336419753086
6261495,13568.202741702742
6261497,13288.758156966487
6261560,11422.772927689595
6261561,11258.810004810004
6261566,10373.643298059964
6261567,10572.343033509698
6261575,11769.412097162101
6261580,13046.906525573191
6261584,15009.581128747795
6261595,15202.312610229275
6261597,15261.318342151677
6261599,15202.312610229275
6261608,10931.825096200097
6261641,24532.47053872054
6261650,31802.537277537274
6261655,16144.47971781305
6261658,14651.088492063494
6261660,24669.9007936508
6261789,36928.04553471222
6261800,88882.01058201058
6261802,72473.68386243386
6261823,43814.55026455027
6261845,13872.253086419756
6261855,14129.17702821869
6261856,14139.455407247071
6261904,14099.717660734326
6261952,43343.1040564374
6261964,44378.72294372294
6261968,42973.26719576719
6261975,43915.456349206346
6261988,49835.31966490299
6261990,51143.80952380951
6261999,64253.54276895943
6262032,64068.639770723115
6262035,71579.19312169314
6262038,65768.39265672599
6262042,72220.44091710758
6262046,72703.96825396825
6262048,67960.00641333977
6262082,67486.40533848868
6262095,71123.52733686069
6262096,63820.35052910053
6262114,75687.85954785954
6262123,23460.104717813054
6262129,32933.39913173246
6262136,34225.59259259259
6262153,17234.296737213404
6262188,18635.266754850087
6262190,22452.17592592593
6262193,20392.448392656726
6262226,12682.375240500238
6262228,13237.418650793654
6262236,24977.949935866607
6262240,25280.679012345678
6262242,26543.1040564374
6262246,24106.43738977072
6262265,76541.83160974827
6262267,89733.58906525573
6262271,87863.50970017636
6262276,85679.09391534392
6262314,79112.38335738337
6262319,13429.052328843993
6262323,14573.865740740739
6262332,14413.345458553787
6262343,83461.3315696649
6262348,87826.34920634919
6262355,85505.3152557319
6262367,89145.71428571429
6262375,89026.11111111111
6262382,97615.25432900434
6262393,90559.82804232802
6262396,87800.80246913579
6262399,91133.79188712523
6262401,101380.03968253967
6262410,83913.05996472664
6262430,107677.09936668271
6262436,107061.62918871256
6262516,58995.29451258617
6262517,56459.116562449904
6262571,24109.53282828283
6262588,35500.71649029983
6262612,16048.197290363956
6262617,13779.7123015873
6262618,13244.613095238099
6262620,26135.810185185182
6262646,28779.73214285714
6262648,29539.32319223987
6262661,38720.35273368607
6262676,53438.860028860036
6262688,14018.517215808879
6262783,20622.286155202823
6262812,28555.81489498156
6262825,34485.107142857145
6262833,31893.832070707078
6262836,32464.462081128757
6262840,26058.432539682537
6262841,33161.75925925927
6262842,34419.43001443002
6262891,20546.117283950618
6262897,26276.158930575606
6262898,23814.15616482283
6262907,27027.88071188072
6262913,26926.88492063492
6262938,26371.53479236812
6262947,32295.714085297423
6262953,40019.7132034632
6262955,29402.989417989418
6262972,27626.464646464643
6262976,37282.22611030944
6263001,27077.773168189833
6263012,22073.598985890647
6263039,57853.59567901233
6263044,56453.61331569663
6263050,59469.50176366844
6263054,57207.70422478757
6263062,60457.36010902677
6263070,61859.26386884721
6263076,69992.68718935383
6263081,64029.89638447972
6263122,32881.89033189032
6263133,37407.77336860671
6263134,37583.42372134038
6263135,38645.099807599814
6263144,38982.26731601733
6263145,38982.26731601733
6263151,43536.69612794613
6263156,31849.282908449575
6263160,35058.3201058201
6263173,12770.368606701939
6263174,26203.896155202823
6263231,71190.18458393459
6263232,66299.79276895944
6263234,72474.00392817058
6263311,87879.09171075838
6263314,70281.08245149913
6263320,71145.55776014109
6263323,69065.45414462082
6263345,22413.44797178131
6263388,37879.3959435626
6263396,38081.94885361553
6263404,38941.68209876544
6263405,42376.15893365893
6263406,44995.13227513228
6263410,39246.12974987975
6263411,46464.50837742505
6263416,41633.37742504409
6263450,38059.88315696649
6263467,39301.37786596121
6263471,41756.44841269842
6263474,45393.94400352734
6263475,75431.4253647587
6263478,72716.3967051467
6263486,67150.10802469136
6263487,63347.64329805995
6263496,20480.034171075844
6263503,23915.91049382716
6263534,38323.95458553791
6263537,37217.142857142855
6263544,45240.37037037038
6263612,15853.082010582015
6263615,16206.731922398592
6263616,17035.82028619528
6263618,16391.590488215483
6263620,14784.67151675485
6263623,16426.47134038801
6263628,17684.11243386243
6263633,16810.29872134039
6263634,18085.066137566137
6263635,18731.300705467373
6263640,18531.944444444445
6263650,18702.35185185185
6263667,16455.207231040564
6263671,23966.838624338623
6263675,36493.05555555556
6263676,57155.103014269676
6263698,13745.69312169312
6263707,15830.40503848004
6263781,36641.393298059964
6263796,15538.615520282185
6263799,16311.499338624337
6263815,18895.579365079368
6263821,18707.52645502646
6263824,17422.747045855383
6263825,19128.42261904762
6263826,18658.261640211644
6263828,18579.534788359786
6263835,17602.361507936508
6263836,13145.947771364436
6263839,20733.29365079365
6263840,48248.206068622734
6263941,13568.653968253968
6263948,14646.31710758377
6263949,15248.188952220615
6263951,13694.056560846562
6263953,15498.213492063489
6263987,62931.049382716046
6263998,11720.72398589065
6264008,12900.495692579025
6264010,12907.436067019398
6264012,12840.540462623796
6264023,31867.682980599646
6264026,58407.35008818342
6264031,60788.66843033511
6264032,62052.868165784836
6264057,12813.814373897709
6264064,40567.718253968254
6264068,38483.94841269841
6264101,53510.4532627866
6264103,52061.903158569825
6264106,57820.755491422155
6264128,13866.843915343918
6264137,38803.07980599647
6264157,40229.84126984128
6264166,44804.59656084656
6264168,38390.392416225746
6264179,40621.03034311368
6264182,43253.306878306874
6264192,39629.77954144621
6264193,38533.97486772488
6264202,43152.18474426808
6264217,44157.221220137886
6264220,48246.082297332294
6264264,14872.723063973062
6264285,19048.49807599808
6264287,20855.022486772486
6264288,24909.626823793493
6264313,20961.68650793651
6264322,17400.550970017637
6264326,21719.73765432099
6264329,25005.08597883597
6264337,21119.51799743466
6264339,26577.528659612
6264340,24302.696067821067
6264346,8475.363095238095
6264348,9626.427689594357
6264350,10241.799382716048
6264359,7286.816798941799
6264378,59419.23500881834
6264382,65113.12389770721
6264387,67230.65035273368
6264388,67112.68408289242
6264393,34003.19664902999
6264398,33449.347442680795
6264416,44955.218253968254
6264492,48869.03439153439
6264502,52767.84932659934
6264506,51322.665945165936
6264509,49544.01895943563
6264510,56339.96632996632
6264511,56784.12878787878
6264516,49029.534231200894
6264520,50898.16798941798
6264521,53567.572751322754
6264524,15640.781645823314
6264574,31431.913512413514
6264578,28742.560325476992
6264586,33526.23097273098
6264588,29859.86287477954
6264589,30235.87234567901
6264591,31495.247727581063
6264606,77952.0171957672
6264610,77850.70326278661
6264612,76925.89385922722
6264615,81319.25925925928
6264620,77248.54938271605
6264623,78683.86904761904
6264631,85096.93783068784
6264639,85670.55555555555
6264646,96530.87742504409
6264649,98081.12874779542
6264650,96181.01250601251
6264657,101856.04858104858
6264675,53486.67528459195
6264676,58288.86904761904
6264680,39296.78350970017
6264681,38094.31657848324
6264682,42394.65167548501
6264685,44272.74691358023
6264687,44045.39862914862
6264693,44830.1102292769
6264702,47878.75440917106
6264706,45838.41049382715
6264714,45455.60846560847
6264717,9297.452180535513
6264720,10200.235910694244
6264722,10400.393298059967
6264726,7889.457351290685
6264727,10383.92791005291
6264729,9372.849005932338
6264730,10802.243165784834
6264731,9582.795494628826
6264738,11179.868165784832
6264744,17871.106701940033
6264746,18683.574134199138
6264748,18250.0787037037
6264749,18091.18121693122
6264750,17270.671496713163
6264751,17684.10273368607
6264752,19309.04320987654
6264757,88341.04276895944
6264762,17104.484126984124
6264763,18726.972783389447
6264772,21460.573192239855
6264773,19657.361111111106
6264777,19070.53050344717
6264786,20522.91225749559
6264791,18774.94744268078
6264796,20011.601531184864
6264797,19609.73402677569
6264799,21795.570987654322
6264815,18049.176587301583
6264825,20424.393738977073
6264826,22372.846119929454
6264829,19477.36111111111
6264830,21814.348544973545
6264836,23375.148809523813
6264843,22673.433140933146
6264845,20035.14770723104
6264880,27940.822089947087
6264881,27355.220238095237
6264888,28408.05776014109
6264894,32635.08597883598
6264906,40801.97089947091
6264922,27818.67923280423
6264942,13193.93783068783
6264946,15290.21554834055
6264950,13913.863997113991
6264981,54223.05916305915
6264993,43442.286155202826
6264994,44436.1477873978
6265003,56439.159251242585
6265013,51225.82010582011
6265018,50992.46913580248
6265037,15253.786507936507
6265050,31519.088624338623
6265072,21175.590166006838
6265086,25432.634880551544
6265092,24099.323593073586
6265106,97739.60317460317
6265111,102389.35185185187
6265115,106326.04497354497
6265147,53975.59082892416
6265150,58336.143738977094
6265172,16017.281746031742
6265174,18563.54276895944
6265177,18850.214646464647
6265180,14905.48941798942
6265181,17685.46777296777
6265184,15229.45767195767
6265185,14873.032908449573
6265200,27293.747201872204
6265218,12794.843915343916
6265219,12980.016875100206
6265275,33299.77292768959
6265278,37188.51410934744
6265280,31433.802910052902
6265281,35306.21913580248
6265292,12843.727733686068
6265299,57749.14021164022
6265305,58754.305555555555
6265313,63698.47883597882
6265323,10476.30864197531
6265324,9456.408289241625
6265325,10280.599647266314
6265329,10305.578042328041
6265336,9363.495590828923
6265344,9844.455467372136
6265345,10251.748236331572
6265351,12296.703823953825
6265354,12111.950456950457
6265364,18274.87345679012
6265366,17702.39033189033
6265371,20518.375220458554
6265465,17324.548059964727
6265467,10219.540885040882
6265472,14393.383597883603
6265473,11737.780675004005
6265494,69372.64065255731
6265496,71196.49482924484
6265515,62320.804673721344
6265519,65857.3082010582
6265521,59033.899911816596
6265529,64095.21825396824
6265531,58334.931657848334
6265544,62111.61856661857
6265546,67525.26455026456
6265554,62119.389730639734
6265561,63400.17235850569
6265562,62399.418390251725
6265567,77766.06721981723
6265570,67720.11684303352
6265572,74377.62738496071
6265577,74540.89017155684
6265582,79566.57307198975
6265586,77264.234006734
6265647,24925.026455026462
6265655,24967.960758377427
6265658,25131.905262946937
6265668,26632.28725749559
6265671,41038.073192239855
6265673,10333.410573993908
6265675,10536.152998236332
6265683,10100.478936187268
6265685,9794.30996472663
6265686,10550.840047298381
6265687,10020.773027898025
6265699,12066.987654320988
6265703,12472.668650793648
6265708,13206.78350970018
6265716,10679.29188712522
6265719,13020.035173160171
6265720,11648.044833253167
6265721,12212.605776014112
6265726,21336.62918871252
6265735,18940.294091710763
6265740,36596.65343915344
6265754,34488.066578483245
6265759,39968.89770723103
6265760,41957.08994708994
6265770,43671.43606701939
6265781,35620.48059964726
6265790,42564.9537037037
6265800,11231.816137566135
6265802,11026.244047619048
6265803,10985.489217572549
6265812,12866.891534391534
6265815,12135.785934744266
6265818,14010.279982363314
6265821,13072.64059243226
6265832,12602.949314574314
6265834,13289.228835978838
6265849,12153.04232804233
6265872,68671.76968093637
6265914,17449.743827160495
6265916,20228.35537918871
6265919,22129.14065255732
6265990,64832.10056918392
6266000,14578.567019400358
6266003,14451.448913740582
6266005,15962.070606862273
6266008,17209.942680776017
6266009,16773.614518197854
6266012,41719.47049863718
6266013,36276.0336299503
6266014,38026.17123617125
6266022,33166.13756613757
6266023,38296.46384479719
6266032,35875.267636684315
6266035,34841.13716530384
6266051,18068.910934744265
6266058,18213.93430335097
6266061,20532.153880070542
6266064,21679.340027256694
6266077,17593.31349206349
6266081,18495.41225749559
6266082,18551.72442680776
6266085,20649.093915343914
6266086,19065.919312169306
6266088,19277.566137566137
6266094,22124.25845759179
6266095,22362.548500881832
6266181,26773.53559403559
6266191,34466.36860670194
6266195,40756.83100849768
6266196,40700.87962962963
6266203,37539.49254449254
6266205,37076.639810806475
6266207,36109.832451499096
6266208,38172.73208273207
6266213,36938.58024691359
6266214,38989.89197530863
6266219,37271.44620811288
6266220,41524.12037037037
6266231,43946.1176046176
6266234,50449.57792207792
6266235,46639.67592592592
6266238,46639.6480679814
6266241,54287.3270402437
6266245,36710.449334616
6266254,54750.22486772484
6266259,58354.98015873014
6266260,64120.101410934745
6266262,65644.98015873018
6266267,66246.96428571429
6266272,35089.9360670194
6266276,35441.18165784831
6266312,12544.727954144622
6266321,16146.329084495756
6266323,15013.14285714286
6266332,12934.748897707226
6266334,12124.647266313932
6266350,33270.69664902998
6266351,37910.22266313933
6266352,38637.20458553793
6266399,29517.389570306237
6266402,41226.24274490941
6266417,35073.5429693763
6266436,36884.46428571429
6266439,40283.110670194
6266440,36884.46428571429
6266447,40816.29188712523
6266459,42011.454024370694
6266460,43688.83938592272
6266462,44256.34038800706
6266514,37104.86131152798
6266524,50784.17328042328
6266535,16288.816137566133
6266543,23047.308201058204
6266583,30184.263969055635
6266720,32940.253527336856
6266759,22944.274691358027
6266774,17257.870290203624
6266775,17725.91159611993
6266777,22281.71296296297
6266780,20460.516754850087
6266821,40444.51058201059
6266838,39188.43143738977
6266843,43415.87301587302
6266844,39246.278659611984
6266848,37894.96472663139
6266851,38090.471781305125
6266853,42499.722222222226
6266863,41387.5176366843
6266865,40437.910052910054
6266871,46404.82142857143
6266881,40999.89137405805
6266883,20783.55379188712
6266884,20187.076418951423
6266891,20497.86507936508
6266938,51872.69400352733
6266947,48491.59812409813
6266948,45814.68494468494
6266983,57168.30687830688
6266986,59809.74172432505
6266989,61720.623296456615
6266994,57026.64622414622
6266995,65727.3787477954
6267000,61445.687830687835
6267053,33788.34656084656
6267056,38854.29453262787
6267071,21882.986010902678
6267081,23720.25793650793
6267085,25688.236331569668
6267090,34616.19268077601
6267091,27940.654761904763
6267098,30256.93342151676
6267103,26853.797097963772
6267106,30881.01631393297
6267111,34710.15432098766
6267115,39446.00048100048
6267118,39978.26278659611
6267120,28801.13836780504
6267121,39761.59611992945
6267124,40207.13383838383
6267152,13592.858245149911
6267165,16372.283148949813
6267167,18283.747386872386
6267171,17631.896143979477
6267172,14432.739698573034
6267175,14502.674162257495
6267209,12895.439153439153
6267219,14994.107142857147
6267252,13188.243065576402
6267258,57640.39041205709
6267259,57160.205467372136
6267275,25987.254850088186
6267276,31920.050705467376
6267280,14804.593253968254
6267282,13885.036195286195
6267299,14712.410934744266
6267301,17424.513668430336
6267356,45707.083333333336
6267364,44742.631874298546
6267386,14750.947290363956
6267404,18659.96252204586
6267408,18245.270763187436
6267410,24390.584415584402
6267411,20290.7561728395
6267416,20055.57760141093
6267424,24053.84920634921
6267427,23052.684383517717
6267428,23052.684383517717
6267429,23619.402557319227
6267435,30384.52380952381
6267445,33541.043370210034
6267454,36094.91822991823
6267456,35665.026455026455
6267460,40499.49294532629
6267474,32974.95921516755
6267477,41512.508818342154
6267481,48939.17768959435
6267485,29918.99250440918
6267487,43024.11375661374
6267514,38225.972823472825
6267515,38207.923280423274
6267526,30605.103615520286
6267527,34222.304192720854
6267528,34222.304192720854
6267531,17212.82517636685
6267538,18538.626543209877
6267542,18459.312169312172
6267543,18875.861592111592
6267546,23027.962962962964
6267549,27205.84034792368
6267551,23996.175925925927
6267558,27637.981200897866
6267563,30364.351851851854
6267567,27764.10273368606
6267580,32693.36407728074
6267582,39941.036676286676
6267585,35819.916225749555
6267645,22487.934904601567
6267656,18535.174082090743
6267660,20397.88580246914
6267666,27532.570546737214
6267669,16469.508377425045
6267708,14715.905282988617
6267720,46227.731481481496
6267721,36683.461199294536
6267726,42261.66666666668
6267731,44368.33333333333
6267733,41913.64197530865
6267736,45733.053350970025
6267745,44378.8955026455
6267746,38650.95238095238
6267748,41918.445767195764
6267753,41095.56056597723
6267761,47876.32054673721
6267768,45406.96649029983
6267769,44896.882716049375
6267787,47910.22005772006
6267805,51462.497795414456
6267817,51369.03659611992
6267818,54477.36992945326
6267822,53445.798059964705
6267830,72849.60317460317
6267835,58615.22486772486
6267853,57864.39814814813
6267875,68108.87245470578
6267882,65606.88712522044
6267898,69826.51455026452
6267900,70417.32804232804
6267901,71085.81481481482
6267902,71300.86860670194
6267904,63815.59082892415
6267907,71797.66666666666
6267910,62828.36860670191
6267913,63487.18474426804
6267920,36698.78527336861
6267922,51691.1044973545
6267931,13459.948993907328
6267938,12940.134078884079
6267951,17630.651940035274
6267952,17630.651940035274
6267956,15214.772962962963
6267969,45213.09203142536
6267976,12160.034876543208
6267977,12252.12923280423
6267978,12252.12923280423
6267980,13442.65282186949
6267982,13565.0119368286
6267986,13565.0119368286
6268008,14775.719832451497
6268013,18612.455908289245
6268016,21424.42570546737
6268022,18248.80511463845
6268031,24768.86658249158
6268036,24945.621693121688
6268046,30034.996472663133
6268068,16623.89321789322
6268076,13897.683842392173
6268088,31237.95903479237
6268093,28382.37433862434
6268094,29307.42945326278
6268100,35426.102292768956
6268104,36859.70723104056
6268109,30787.557319223983
6268121,28566.25551146385
6268122,36474.054934263266
6268128,39166.201499118164
6268131,38750.890251723584
6268147,33223.39726631393
6268149,28117.213844797174
6268156,41384.895983646
6268165,32041.803350970014
6268166,29177.6951058201
6268171,32407.804934263266
6268185,12565.356303511302
6268186,12524.121735610066
6268235,10899.806878306881
6268237,10091.238315696652
6268238,12311.20061728395
6268247,50515.48516915184
6268252,49259.877144460486
6268256,56415.9126984127
6268288,9494.453042328041
6268292,12419.607583774252
6268299,14144.705627705633
6268305,22707.8389650473
6268308,21591.098885682222
6268326,44171.139329806
6268327,76063.31756453426
6268334,45012.36375661376
6268340,42620.73412698412
6268343,46212.77998236332
6268349,61374.26146384478
6268350,61321.41975308641
6268358,28649.14789685623
6268360,28270.626302709643
6268372,17131.553571428572
6268373,17002.676807760145
6268378,18101.38908930576
6268387,22715.623897707228
6268389,23197.1164021164
6268396,23131.205707872377
6268399,17488.386243386245
6268417,21858.036515953187
6268421,15188.344356261023
6268422,15161.869488536155
6268447,43623.82427449095
6268489,34897.04695767196
6268490,35820.74209740877
6268497,31237.95903479237
6268498,28971.286155202826
6268523,67509.91622574955
6268525,74222.02060285394
6268573,19766.799543049547
6268576,21629.62169312169
6268580,24896.324955908287
6268581,21455.911996953666
6268584,21760.450136283467
6268586,21648.122093955426
6268604,18399.367484367485
6268607,16693.004850088182
6268608,17543.19819223986
6268616,71581.09347442682
6268647,130565.99747474748
6268655,128846.2487974988
6268663,121070.02425044088
6268722,105581.90662732327
6268723,95116.31766381767
6268751,94666.85999185998
6268752,97534.10052910054
6268780,104461.50980192647
6268783,97545.21825396827
6268787,107954.08764075428
6268793,97520.86792836794
6268806,10450.26350809684
6268812,12189.971841430173
6268845,40370.58641975309
6268846,40714.711199294536
6268868,10434.70368366202
6268884,13031.238075196412
6268885,12714.242724867727
6268917,20489.382716049382
6268922,21347.849527016195
6268923,26003.035914702577
6268930,24483.7037037037
6268931,21140.558862433863
6268983,12372.30649751483
6269075,11846.34479717813
6269253,11572.9645662979
6269260,28212.93430335098
6269262,28152.21560846561
6269270,27197.383156966494
6269285,33994.63844797179
6269290,34950.5753968254
6269312,26642.473544973538
6269319,28421.770282186957
6269355,14507.445847362515
6269356,12466.141694725027
6269366,14552.658810325476
6269383,15949.898589065255
6269389,13585.29166666667
6269396,16512.868165784832
6269413,16875.52579365079
6269436,31689.799182299183
6269444,37104.97835497837
6269445,30852.78379028378
6269446,29902.691798941793
6269517,60380.24490941159
6269518,54169.17107583775
6269522,59730.455747955755
6269524,36651.52208593875
6269526,43062.21737213403
6269528,39022.780423280434
6269533,39447.45811287478
6269540,40675.992784992784
6269541,40759.415343915345
6269543,35171.812169312165
6269547,43542.99735449735
6269549,42706.77689594356
6269556,40801.93342151675
6269580,52811.90696649031
6269586,33908.606701940036
6269588,17398.437169312172
6269591,17838.4329004329
6269595,20655.22707231041
6269596,19327.272326438997
6269631,34509.53262786597
6269636,34039.54144620811
6269637,33080.37037037037
6269662,35351.755050505046
6269670,62301.041366041376
6269675,60435.90468173801
6269679,66473.51190476191
6269686,26104.744268077593
6269690,34150.92813051147
6269692,29219.219576719574
6269694,27682.52865961199
6269696,30330.073853615522
6269699,28351.65895061729
6269702,30553.509700176368
6269804,33167.007495590835
6269819,20246.249999999996
6269822,16578.55379188713
6269823,17437.146464646466
6269825,16686.874178290844
6269829,16935.88103254771
6269832,20274.257495590828
6269836,21380.897266313936
6269843,20820.40815049148
6269848,19588.25705467372
6269852,21656.70358345358
6269853,20892.522366522368
6269860,20132.47871572872
6269898,13277.147486772486
6269916,27454.07908449575
6269927,25280.011022927694
6269929,26571.214726631395
6269941,45681.15961199294
6269969,12168.533509700179
6269972,13066.434303350972
6269976,15925.421376463044
6269984,13363.026895943565
6269988,16297.23544973545
6269990,14998.23688271605
6269991,16784.99919833253
6269992,16697.873977873976
6269997,16669.14381914382
6270006,10986.716490299827
6270008,13837.363315696652
6270009,11472.201829806
6270012,16227.979497354494
6270013,12432.992724867727
6270014,17485.661375661377
6270057,41877.420634920636
6270068,42247.28835978836
6270096,46185.08818342151
6270104,51888.70330286997
6270152,44816.63520121854
6270178,15590.365961199293
6270182,18193.488455988452
6270189,15260.47398589065
6270190,13083.693783068784
6270208,16961.183862433863
6270209,17114.747775372776
6270222,16773.05555555556
6270230,21870.05792047459
6270237,30143.89329805997
6270243,14832.554894179897
6270244,15845.642636684304
6270245,18788.709415584413
6270246,21662.96406525573
6270276,46296.35582010581
6270280,38587.54671254671
6270364,36005.7355299022
6270365,37909.11075036075
6270372,36459.348544973545
6270374,34704.401455026455
6270382,37092.61243386243
6270385,42248.65740740741
6270391,39552.95039682539
6270465,44633.997354497355
6270468,45712.2557319224
6270473,46571.157848324525
6270475,41520.08201058201
6270499,45671.0343915344
6270500,45228.5405643739
6270502,45730.83333333334
6270518,17409.87147266314
6270519,17378.225308641977
6270522,17535.47410922411
6270525,17240.73723344557
6270530,23651.166967291963
6270533,19346.957271123938
6270555,19348.344356261023
6270557,20539.54745871413
6270558,20843.47404601571
6270563,18944.525674942342
6270585,12714.807659932658
6270586,13000.255731922398
6270591,13008.280423280423
6270594,15926.919091710759
6270617,52821.46164021163
6270627,67090.20923520924
6270635,90228.36880711882
6270636,87605.91730800063
6270640,86799.79497354501
6270641,92488.71693121694
6270647,103641.90365961198
6270670,10746.495590828925
6270702,13486.128747795414
6270704,14737.638888888887
6270709,51416.66843033509
6270710,50108.06834215168
6270729,52571.785714285696
6270730,51992.680776014095
6270732,49490.507054673726
6270745,66119.38812730482
6270747,65117.4348645182
6270755,65602.07351290685
6270758,65602.71604938271
6270840,66009.00352733686
6270852,71646.87169312168
6270868,22649.43342151676
6270882,19386.033641975308
6270902,18945.042488375824
6270913,20837.63337742505
6270918,20053.77916065416
6270941,80673.12169312168
6271028,29742.145061728395
6271029,32084.927248677253
6271031,33685.9165679999
6271035,49686.36243386243
6271052,23952.212401795732
6271054,48549.944885361554
6271056,18977.735890652555
6271062,22956.593915343918
6271064,20526.18947410614
6271099,25540.16089466089
6271101,47541.1970899471
6271108,50481.25440917107
6271109,52993.59527817862
6271113,53880.91710758376
6271131,48321.15740740741
6271134,32733.315917107586
6271142,28886.415784832454
6271144,31732.470899470896
6271145,35776.24757495591
6271160,33646.80026455027
6271167,34743.777336860665
6271169,34303.949735449736
6271180,35278.300264550264
6271185,21609.761904761905
6271186,22225.120149911814
6271192,47715.97883597884
6271240,17984.027777777774
6271275,56293.515512265505
6271276,53083.09082892416
6271288,74669.9823633157
6271301,29399.13227513227
6271302,27413.939153439147
6271328,30304.02557319225
6271334,36482.03835978836
6271338,34500.404761904756
6271341,30695.43738977073
6271349,29039.706790123455
6271350,35384.05423280423
6271353,69221.86507936509
6271377,43761.78350970017
6271407,57823.72574955909
6271414,70795.5687830688
6271422,68227.37213403881
6271424,59512.59479717813
6271428,69894.00533108866
6271443,57299.323192239855
6271447,59578.410493827156
6271486,88892.996031746
6271500,111501.33637966966
6271530,21333.716931216935
6271532,55836.34479717813
6271639,60089.99118165785
6271641,60941.76667468333
6271657,14084.760802469133
6271658,16232.474867724868
6271680,58466.73192239858
6271688,95415.70546737211
6271696,99859.70679012344
6271806,89323.68042328041
6271843,99255.48881673881
6271845,87841.82319223986
6271852,91309.40255731923
6271855,98647.89902998238
6271861,80989.89329805998
6271877,97478.98809523808
6271881,103642.63227513227
6271883,71583.49206349206
6271922,104482.66434183103
6271930,33208.05335097002
6271939,82563.44797178128
6271965,94517.78439153438
6271968,99248.15917107582
6271989,99199.05423280424
6272024,22199.576178451185
6272038,12440.475970017636
6272115,42774.195326278656
6272125,49354.850088183426
6272128,54078.201058201055
6272138,62955.25793650793
6272149,67595.89806798143
6272153,65582.40480198813
6272156,63755.23368606702
6272205,58612.064494147846
6272206,58016.1044973545
6272216,62326.61596119929
6272222,52953.75
6272227,73592.34603359603
6272254,84268.74318582653
6272263,89622.72486772487
6272264,91511.4638447972
6272269,95669.72849681183
6272272,91674.46428571429
6272276,91919.51940035271
6272289,51697.51984126985
6272293,49908.57924482924
6272296,52573.3311287478
6272302,50454.09082892415
6272329,66642.70282186949
6272333,38805.66077441077
6272334,57190.80026455026
6272348,74906.8667752001
6272349,72535.59252475918
6272363,90279.332010582
6272374,99798.13932980601
6272376,102882.37413820747
6272386,86163.01977343645
6272390,74578.8017075517
6272412,47824.570105820116
6272439,78774.59656084655
6272447,68036.9885361552
6272460,78182.64329805998
6272470,73896.32054673723
6272492,86686.1106023606
6272494,84118.25837742504
6272504,91497.71584896583
6272511,97613.66602533271
6272524,84122.68298059965
6272540,101700.11022927689
6272541,113244.68033509701
6272542,107533.47001763672
6272555,124001.21753246753
6272559,127989.39153439153
6272567,125906.6701940035
6272568,124111.23368606702
6272574,124363.3743386243
6272578,125877.26230559562
6272579,124404.1172839506
6272580,130446.5392015392
6272583,52280.4006333173
6272584,59271.411736411734
6272593,56682.67336059002
6272595,56114.49434824434
6272598,62930.52910052909
6272600,60119.279100529086
6272605,63176.06040564373
6272606,57064.73905723905
6272609,60833.24735449733
6272610,68084.86331569662
6272611,63846.67989417989
6272617,70136.17724867725
6272618,65663.93518518518
6272662,16091.93121693122
6272675,88582.01499118166
6272690,89332.82848324515
6272697,92853.96444604779
6272758,70019.57611832612
6272780,129086.2870771204
6272781,129137.02781786113
6272938,80665.21825396825
6272946,87017.29497354495
6272957,84366.85225268558
6272961,83309.97835497836
6272980,86720.69664902998
6273001,74948.33972663138
6273055,88756.54880613212
6273159,83265.25773609105
6273160,85082.00176366844
6273164,86858.2002565336
6273165,79734.23561006896
6273166,74061.16903158571
6273168,87666.06820648488
6273170,87652.5110229277
6273184,87269.72021805354
6273185,87977.70963604296
6273191,69620.76176909513
6273194,72409.54585537921
6273486,19947.557319223983
6273507,98758.55138688472
6273620,79024.5811287478
6273621,86084.99559082891
6273622,86046.90696649029
6273625,88487.39638447973
6273626,85954.52601410933
6273627,81217.60381593715
6273630,84228.38624338625
6273641,25105.49911816578
6273738,32896.64899914901
6273798,10619.20634920635
6273801,10619.20634920635
6273804,10619.20634920635
6273805,10619.20634920635
6273806,10691.995711079044
6273807,10255.817901234568
6273812,65721.73641173643
6273814,67173.86904761902
6273820,83176.20290203624
6273836,80860.94356261023
6273849,87803.29645662979
6273857,94779.03659611993
6273862,28233.551587301587
6273863,24250.180776014116
6273867,25768.64658489658
6273879,26765.34391534391
6273882,16233.652998236334
6273883,24233.439153439158
6273886,28304.625220458554
6273888,28304.625220458554
6273891,25084.60758377425
6273892,28170.667989417987
6273915,23262.304292929293
6273925,29193.760822510827
6273936,33312.12301587301
6273944,28651.931216931214
6273999,15296.000280583614
6274012,29202.938712522042
6274014,27230.10381593715
6274015,29811.384479717806
6274028,22000.780423280426
6274032,29701.66225749559
6274034,26924.902196568866
6274047,31187.96957671957
6274048,28661.820987654322
6274051,29737.978395061735
6274055,31387.612433862432
6274058,26297.539682539682
6274059,26593.5758377425
6274069,32519.104838063176
6274070,31711.47597001764
6274091,34263.14454064454
6274103,35551.548621131944
6274110,34563.67063492064
6274111,34603.21428571429
6274129,30323.391654641648
6274130,30362.280543530534
6274138,28661.461640211633
6274139,28515.595438512104
6274141,33855.54874138208
6274149,36362.13183421517
6274189,27439.947290363958
6274192,34390.3979276896
6274207,33775.16644620812
6274218,43125.683421516755
6274239,27032.592592592588
6274245,28718.930776014106
6274247,27862.849927849933
6274250,27727.962962962956
6274252,28323.780062530066
6274253,28393.57804232804
6274256,28542.810846560846
6274258,29378.64197530865
6274259,28615.147707231037
6274263,29723.697089947094
6274266,32724.463183421518
6274286,33789.435626102284
6274289,33379.46649029983
6274290,30771.185866602536
6274323,25987.4068061568
6274324,36997.23985890653
6274363,13552.20348324515
6274365,13800.996472663137
6274367,14993.965107423439
6274381,15198.610229276897
6274388,16346.679012345678
6274394,22244.10654160654
6274406,26250.094797178135
6274447,37483.43354176688
6274463,32496.99684574684
6274471,47424.34082892416
6274571,11321.72619047619
6274581,108586.02072310408
6274590,91422.77645502645
6274597,87401.39971139969
6274600,85187.81305114637
6274613,92656.6165624499
6274623,70524.32700016035
6274632,36698.0577601411
6274645,45250.55715889049
6274646,45865.83353375019
6274662,63828.788800705464
6274671,66336.60453743787
6274684,80093.89550264551
6274688,124959.7272326439
6274689,123341.16462241461
6274699,87317.2310405644
6274704,130327.16049382713
6274718,121129.93346160011
6274724,125372.59792368124
6274725,128296.66317941315
6274731,128747.50533108864
6274736,90708.85662177329
6274751,77594.063652397
6274752,84370.09479717813
6274780,11323.643799102132
6274783,13753.863836780507
6274848,27854.078483245165
6274849,52599.86251402916
6274850,46727.5176366843
6274858,23456.64131393298
6274864,23153.145943562613
6274872,44698.44997594998
6274878,57527.79341029341
6274880,60029.05222863555
6274881,45185.405844155845
6274886,46303.18121693122
6274887,45380.548941798945
6274901,48774.79056437389
6274905,45404.20238095238
6274906,47196.10229276895
6274912,46555.97883597884
6274915,46943.93738977072
6274922,54627.02160493826
6274924,53225.216249799596
6274925,52791.43738977072
6274926,50435.127865961185
6274927,51011.1044973545
6274931,39680.10582010582
6274940,58409.54056437389
6274944,66341.60714285714
6274948,70775.95017636682
6274961,68787.5066137566
6274971,70701.55002405
6274972,71791.52557319224
6275000,11887.00815696649
6275036,14639.469436427773
6275190,76199.70378387046
6275191,81467.65251723582
6275202,87859.50837742502
6275204,44738.567019400354
6275205,55127.473544973545
6275206,50210.97883597884
6275212,56318.25176366843
6275213,54045.5996472663
6275215,55321.43518518519
6275217,58851.18867243868
6275224,73411.37786596123
6275228,60400.12145262146
6275231,62179.243827160455
6275232,75716.15259740259
6275237,81257.57736091068
6275239,80526.74182299183
6275241,85644.09391534391
6275249,19407.781084656082
6275258,13127.517636684302
6275266,64676.94905403239
6275278,86848.97486772484
6275292,85851.3822751323
6275294,85851.3822751323
6275299,92773.49867724867
6275395,30949.758597883596
6275396,33666.535594035595
6275454,58423.02469135802
6275470,13020.313051146382
6275482,52938.351170434515
6275487,54680.05070546738
6275488,41823.906525573184
6275495,51534.24162257497
6275499,56120.654361071036
6275507,58986.446649029975
6275517,65230.787698412685
6275518,66093.67019400351
6275519,64317.54188712522
6275527,52031.21913580248
6275550,45692.35028860028
6275558,19039.018959435627
6275565,18367.072310405645
6275581,19504.142198172198
6275589,19849.581128747795
6275599,93033.07559724226
6275600,105300.39021164019
6275613,98530.27817861154
6275619,85275.66578483245
6275623,83840.46737213404
6275624,90150.5004409171
6275627,91360.54894179894
6275656,110130.3767837101
6275669,55969.69356261022
6275673,58516.867283950625
6275678,54118.077601410936
6275679,58613.743386243375
6275683,62169.8611111111
6275691,73734.94749078082
6275692,74943.59126984127
6275720,112268.27881994548
6275725,120243.38023088024
6275728,117702.73869648871
6275730,112082.56453423122
6275732,115845.7259098926
6275734,115896.65183581851
6275738,107653.04232804233
6275749,103108.8564213564
6275750,122020.284992785
6275756,115935.47458714127
6275757,108103.04232804233
6275761,105627.38095238095
6275774,80973.7718454385
6275778,73350.13087221423
6275779,81194.5987654321
6275794,85187.26230559565
6275800,84961.77028218695
6275802,85169.92063492064
6275806,82584.93606701937
6275817,67385.3501282668
6275827,88961.70775212439
6275828,90379.30335097002
6275832,95311.31333173
6275839,88557.34126984126
6275843,89187.50320666988
6275853,94964.34523809521
6275861,90985.86800545134
6275884,90855.55114638449
6275890,91514.78615520283
6275896,93777.93630751963
6275899,94814.12037037038
6275902,91536.77990219658
6275903,91084.04100529099
6275911,15365.199514991182
6275912,16000.953282828285
6275920,17594.739658489667
6275922,17113.792989417987
6275934,18411.531986531983
6275935,17830.51767676768
6275944,17184.20702754036
6275951,17632.81044572712
6275982,23311.020723104062
6275983,25306.61155202822
6276033,20403.723544973545
6276036,20624.33421516755
6276091,16727.713844797177
6276115,17791.52847923681
6276146,87219.5348324515
6276298,57342.599607182936
6276301,57432.33024691358
6276302,58873.086018919355
6276324,101813.36860670194
6276337,28803.92195767196
6276338,31120.853174603177
6276345,25507.619889369893
6276346,31337.623055956385
6276348,25507.619889369893
6276350,29080.921516754846
6276351,30262.029100529093
6276352,32636.32054673721
6276361,34334.6097883598
6276362,32031.014109347434
6276363,33506.07900432901
6276365,34656.69973544974
6276376,30452.205387205377
6276378,28720.654761904763
6276381,28322.275132275136
6276383,26815.369769119767
6276384,27457.11419753086
6276386,30016.30731922399
6276393,30297.973985890658
6276394,28653.541666666668
6276398,30315.136083052752
6276399,27371.373456790123
6276403,30687.019400352736
6276410,29198.58185024852
6276417,30627.83068783068
6276418,27994.316578483245
6276424,29582.7733686067
6276427,30481.179653679646
6276434,29545.233084816413
6276440,30058.480439313782
6276444,31355.92762176096
6276445,30874.038800705468
6276448,27029.448853615522
6276450,30352.944725028065
6276457,30405.401234567897
6276462,26686.466049382718
6276463,27010.480599647264
6276464,26699.53703703704
6276467,26899.274090107418
6276474,25618.097442680784
6276488,34740.231481481474
6276495,31861.91578483246
6276498,29640.39482122816
6276499,29515.20963604297
6276500,29761.32074715408
6276501,29505.20963604297
6276502,29761.32074715408
6276503,29598.728154561493
6276504,29640.39482122816
6276505,29761.32074715408
6276506,29598.728154561493
6276507,29761.32074715408
6276508,29294.545855379187
6276509,29505.20963604297
6276510,29138.93738977072
6276512,34356.79232804233
6276513,34388.20868945869
6276514,34443.764245014245
6276519,30004.98837582171
6276520,29680.260141093477
6276521,29506.529982363318
6276523,33852.61353615521
6276524,30057.61704345038
6276525,30050.209636042975
6276526,28753.20346320346
6276527,29357.45590828924
6276529,32883.04673721341
6276535,33151.31062610229
6276550,33490.539021164026
6276551,34362.31261022927
6276556,35674.66049382716
6276561,34425.66057399391
6276565,34658.2860349527
6276567,31874.748877665552
6276571,31874.748877665552
6276572,36750.53611511946
6276573,31874.748877665552
6276574,31397.8970258137
6276575,31712.156285072957
6276576,31874.748877665552
6276577,31874.748877665552
6276578,36298.0114638448
6276579,31712.156285072957
6276580,36285.5114638448
6276598,32951.39570306237
6276606,33821.2147266314
6276625,35578.687469937475
6276630,31018.19223985891
6276635,33558.58886483887
6276645,30742.268518518526
6276646,33017.90784832452
6276648,92733.9880952381
6276656,29113.003747795417
6276657,36489.96693121693
6276668,37543.60449735449
6276670,37571.90917107583
6276702,28327.611832611838
6276703,29331.425765592434
6276705,32399.925044091717
6276715,26133.96384479718
6276731,28053.98589065256
6276732,28377.733686067026
6276737,36423.72635080969
6276799,61787.41402116403
6276800,55588.22486772488
6276803,14145.758377425042
6276809,15901.793129709795
6276813,19676.582892416227
6276818,19777.429453262786
6276820,14494.122715247717
6276844,53164.339506172844
6276845,53336.71604938273
6276902,104818.8468013468
6276993,63756.72398589064
6276996,68900.30423280424
6277012,78605.15652557317
6277018,11579.382716049384
6277020,12950.541726791727
6277035,14160.403158569825
6277037,14135.434022767355
6277042,16469.492945326278
6277046,14219.45767195767
6277047,15598.36409732243
6277048,15664.852192560527
6277050,15886.571769280103
6277051,15886.571769280103
6277054,16592.442279942275
6277056,14689.415183581852
6277057,17258.25268558602
6277063,13560.000360750366
6277066,14980.131613756617
6277068,16732.43767035434
6277071,16596.122174122174
6277074,17777.784992784997
6277093,29329.853896103898
6277120,37606.49793108127
6277123,36222.779677113016
6277130,38027.4238570072
6277242,67460.26735610068
6277256,28833.5582010582
6277267,34159.40255731923
6277271,41310.171957671955
6277282,33026.38888888889
6277284,34498.9770723104
6277289,31533.295855379194
6277294,38707.23104056437
6277307,38878.78306878307
6277308,49202.61544011545
6277318,33480.06834215167
6277388,63377.54850088185
6277401,17431.651234567897
6277405,17462.396384479718
6277414,15423.9424001924
6277544,95308.6287477954
6277575,28505.83774250441
6277586,30441.34118967452
6277602,28616.74603174603
6277603,43051.96649029983
6277605,30568.439153439165
6277609,31364.091710758374
6277714,11187.455908289241
6277722,11840.881834215168
6277726,13601.237213403881
6277729,17916.049382716046
6277808,98027.09413580247
6277812,96253.61529982364
6277883,26177.850529100535
6277892,38911.567460317456
6277896,38183.921957671955
6277912,84268.60670194002
6277914,84681.29389129387
6277920,91137.16049382716
6277954,42971.1994949495
6277977,16887.026190476194
6277979,47409.06084656084
6278055,23424.41358024691
6278187,52994.2199775533
6278192,96104.41798941804
6278195,96881.73280423282
6278234,14925.941358024696
6278237,15117.822470739135
6278247,15429.074074074075
6278296,49316.25881834216
6278317,20322.940476190473
6278324,94521.0191798942
6278384,60952.0877425044
6278388,82911.07142857142
6278491,45416.829204745874
6278496,60630.04850088184
6278507,31786.37373737373
6278543,14442.044211960876
6278552,14232.464726631393
6278559,13925.698853615519
6278564,14239.444444444445
6278606,15005.00210437711
6278622,15557.656559489888
6278627,16689.58213083213
6278628,15309.301046176048
6278631,15309.301046176048
6278632,15083.38520121853
6278633,14273.144841269843
6278644,57484.28952220621
6278652,97687.20578803915
6278781,15532.811948853618
6278782,14453.460598043932
6278949,20725.95017636684
6278987,21336.225749559082
6278988,20549.92724867725
6279043,62337.2585978836
6279047,66736.6446208113
6279051,66713.9594356261
6279057,75547.56172839506
6279065,75020.37037037036
6279070,67367.31481481482
6279071,70678.17720859389
6279077,86032.94312169311
6279078,73599.43602693603
6279079,73428.6952861953
6279080,71274.81962481965
6279084,70638.49025974028
6279086,75500.43650793651
6279091,74115.75396825398
6279094,84734.86331569662
6279099,83960.27156485489
6279107,81759.09832451497
6279126,87710.5709876543
6279129,77932.9717813051
6279134,88643.90211640211
6279135,88571.21031746033
6279137,89069.81658773326
6279151,86117.00176366845
6279152,88725.01102292769
6279162,93417.2613035113
6279165,88212.59640051308
6279170,59890.09810405644
6279194,96715.35934744269
6279197,97008.54276895944
6279198,96056.10149110148
6279200,13472.508217091548
6279202,13694.456569664902
6279210,14128.997715247717
6279211,14055.770502645504
6279213,13842.94512586179
6279221,14755.348324514991
6279223,14713.591269841269
6279235,13713.792768959438
6279236,15665.268959435629
6279247,47958.9728635562
6279248,48907.59720218054
6279255,48989.63804713804
6279265,49319.28791887126
6279274,58209.28350970019
6279283,43865.56878306879
6279287,14616.771685105017
6279288,14616.771685105017
6279294,14486.775873817536
6279295,15004.044813211485
6279302,16122.780660697326
6279309,16368.134599967934
6279315,15642.417027417026
6279321,16577.581569664904
6279322,14964.69326198493
6279324,77247.96737213405
6279326,77753.40828924163
6279327,77247.96737213405
6279328,77453.90211640213
6279361,96833.48985890653
6279366,98443.54276895944
6279369,98805.28439153441
6279379,98443.54276895944
6279381,96870.71869488535
6279382,95610.77160493829
6279389,97421.96869488536
6279391,94724.01234567905
6279404,99906.78350970018
6279409,101149.07407407407
6279459,89432.69620811289
6279489,94601.14417989418
6279497,94835.14770723104
6279566,21138.51234567901
6279602,34493.43253968254
6279603,17299.41247795414
6279646,37155.617283950625
6279651,42284.96252204586
6279652,39747.65211640212
6279675,51592.163299663305
6279676,41987.469135802465
6279679,38207.16690716691
6279683,49279.36507936509
6279689,44028.001643418305
6279690,47953.58024691358
6279697,57073.99470899468
6279698,51490.62025012024
6279706,62475.79886163219
6279742,12617.587081128748
6279743,12337.447530864198
6279754,12448.37874779542
6279790,26018.931076639416
6279792,69874.72823472822
6279805,55883.60690235692
6279812,64613.847001763694
6279817,59688.04894179895
6279818,71025.59323392656
6279821,48798.44576719578
6279823,73468.95522687188
6279829,71963.0753968254
6279835,76765.47819464485
6279836,76975.26895943562
6279838,66355.41666666667
6279840,75760.29541446206
6279841,74641.933020683
6279842,71564.51499118166
6279843,73970.34171075838
6279877,12156.702380952382
6279891,15632.208894500563
6279892,16298.597683181019
6279893,15632.208894500563
6279894,16670.09359467693
6279896,16234.460758377429
6279897,17241.65113435947
6279898,16406.600328683664
6279904,11596.445546737215
6279908,15572.18253968254
6279909,16120.828924162259
6279917,15874.69636844637
6279919,15576.557479557476
6279921,15355.410052910049
6279922,15728.608906525573
6279923,14530.85537918871
6279925,15023.800705467367
6279927,15277.740299823632
6279931,16616.977513227517
6279937,16256.824294532631
6279946,16696.694925444925
6279950,95935.73112073113
6279968,15717.382154882158
6279973,37025.93474426808
6279976,34044.78835978836
6279980,36243.11067019401
6280010,34285.38800705467
6280445,27766.718474426805
6280575,34143.712522045855
6280581,47605.97222222222
6280587,49332.71464646465
6280599,69169.475308642
6280606,72033.1289081289
6280609,66646.92480359146
6280613,67004.76210517877
6280619,65619.20634920635
6280627,68834.29453262787
6280628,70950.6289081289
6280634,67422.35670194004
6280639,72482.36331569665
6280648,71740.05952380954
6280653,71540.90608465609
6280657,69704.78455186788
6280658,69704.78455186788
6280660,69615.89566297899
6280666,84463.48985890654
6280670,79790.37257495592
6280674,82854.10052910054
6280678,66396.89043209876
6280679,61897.19576719577
6280688,35372.35449735451
6280689,39936.455026455034
6280690,26530.415363957036
6280700,64222.2156084656
6280702,14723.45458553792
6280736,17117.775573192237
6280808,42488.38183421517
6280813,47752.817460317456
6280815,41561.90476190476
6280819,45607.99402757737
6280824,47875.92291967292
6280825,45902.58838383838
6280828,52741.99094115759
6280846,53252.572751322754
6280854,52420.238264821615
6280862,59345.149911816574
6280864,59946.844636844624
6280865,58835.31622698288
6280897,101726.16141574473
6280933,79732.6364838865
6280958,74100.7958553792
6280960,65213.12449895782
6280982,55405.27116402118
6280998,74673.11155202822
6281008,79968.36640211639
6281022,89338.53174603173
6281025,72846.25695292364
6281111,91803.8363796697
6281194,29143.13441959275
6281216,44522.885802469136
6281256,19349.667107583773
6281258,19885.82275132275
6281262,27224.200837742505
6281269,27847.0987654321
6281281,41457.49559082893
6281298,48375.12081128746
6281313,17557.71873496873
6281323,13305.177348885683
6281324,18067.253086419754
6281328,18017.7328042328
6281337,16589.565696649024
6281355,15577.848424723426
6281360,15864.749747474747
6281366,14248.95622895623
6281382,14130.745149911816
6281397,19756.65828924162
6281402,29937.23204264871
6281411,32031.414141414138
6281480,13805.85648148148
6281481,13967.285052910054
6281482,14907.001563251564
6281799,23182.457892416223
6281804,18141.93011463845
6281839,42919.86441798941
6281871,27711.4782748116
6281879,41936.723847140514
6281945,23985.128968253965
6281948,20741.224647266317
6282005,32834.54034391535
6282137,22427.719356261023
6282146,7504.446809363477
6282147,39539.153439153444
6282150,12784.335317460318
6282152,16963.71274250441
6282163,9008.765652557318
6282164,15021.686507936505
6282190,11163.187830687833
6282216,13143.413299663294
6282221,19780.290943624273
6282222,12804.513668430338
6282224,19992.103174603173
6282241,18717.693622735293
6282243,16118.583373416706
6282248,23661.170634920636
6282257,41281.85185185185
6282261,57559.08289241621
6282269,10445.822310405645
6282270,10542.033730158731
6282280,29035.40844957511
6282287,15651.798941798943
6282292,53912.936307519645
6282321,11973.632153032153
6282324,18265.588624338623
6282327,30471.441798941796
6282331,30471.441798941796
6282332,44858.46693121692
6282340,38530.505772005774
6282346,40049.77028218695
6282348,48673.72178130511
6282349,10141.987654320987
6282351,56573.11287477953
6282358,41772.30820105819
6282360,32594.973544973538
6282363,47068.7896825397
6282364,34723.3487654321
6282372,38083.68827160494
6282376,33524.79717813052
6282387,69422.37213403881
6282389,47185.3143738977
6282397,16835.455246913578
6282405,11246.161155202823
6282429,8986.623897707232
6282496,39151.83201058201
6282497,67779.30379188711
6282498,29244.231922398587
6282500,67666.68342151675
6282501,67666.68342151675
6282502,67666.68342151675
6282503,67378.72839506173
6282507,67378.72839506173
6282509,67378.72839506173
6282510,67779.30379188711
6282511,67378.72839506173
6282535,11753.181216931216
6282536,59929.47619047619
6282537,60685.59788359788
6282538,60685.59788359788
6282541,12291.349206349205
6282542,10950.471781305116
6282543,13394.639991181662
6282544,13410.195546737217
6282546,13481.88866843034
6282561,14720.171957671962
6282570,11583.568421516753
6282606,12045.084215167548
6282624,18600.664682539686
6282639,11129.934391534392
6282648,10983.530202821868
6282649,11245.319664902998
6282653,11529.190917107584
6282657,24590.153439153437
6282669,11235.836507936508
6282674,7521.988095238098
6282699,10470.697619047618
6282724,13091.869949494949
6282758,29703.908730158728
6282766,15554.342312008981
6282785,50053.96362433862
6282786,55229.245430495444
6282798,20193.03727753727
6282804,13024.465688632354
6282807,22552.17372134039
6282814,20389.26366843034
6282826,31053.368606701937
6282831,34631.23376623377
6282842,26824.87874779541
6282845,27787.420634920632
6282847,17369.821428571428
6282848,26396.70462562129
6282863,27656.660052910043
6282872,34615.82271123938
6282886,11769.21594917428
6282891,44374.28130511463
6282917,53219.345238095244
6282918,53699.49074074074
6282935,55356.82279140612
6282947,70598.22971781304
6282951,21927.81779948447
6282964,16716.239723239727
6282965,13475.548500881838
6282968,15911.014787681452
6282980,56817.49523007858
6282981,10680.763447971782
6282982,11539.134744268078
6282984,21000.85978835979
6282991,23107.929974346647
6282996,15011.850529100537
6282998,9396.49118165785
6283001,15847.380511463842
6283012,10695.517636684302
6283014,9515.53074394741
6283015,10826.623897707232
6283017,12781.248236331568
6283020,12465.79304954305
6283028,34718.07439474106
6283041,13334.11794532628
6283042,9964.54188712522
6283045,13516.767075517078
6283053,14523.413800705464
6283058,15153.228395061727
6283061,12029.570105820108
6283071,66374.7795414462
6283073,17815.757275132277
6283077,17264.297178130513
6283083,13936.59898589065
6283085,11855.988055154723
6283088,14472.297178130513
6283090,14562.4993987494
6283095,49426.829605579616
6283106,25095.110780423278
6283107,17923.58950617284
6283108,21355.425485008822
6283109,16320.804673721344
6283112,27769.794532627864
6283113,19130.585417668754
6283114,14209.907728074395
6283117,15514.376102292765
6283118,15716.141975308641
6283119,15774.444885361549
6283123,18661.287477954145
6283125,16290.836740420073
6283127,17050.092151675486
6283133,19794.06084656085
6283141,28208.08818342152
6283142,16611.758557800225
6283144,20458.55291005291
6283148,15962.451499118164
6283154,20896.541005291012
6283167,27770.590828924156
6283168,29320.43456389292
6283173,21822.47354497355
6283179,27758.72675164342
6283190,23300.242063492067
6283191,35191.25000000001
6283192,15768.982683982682
6283200,19418.774250440914
6283204,17934.558842392173
6283205,17269.859106942444
6283209,22995.393298059967
6283222,26836.578483245154
6283224,24442.225929934262
6283239,8785.914241622577
6283242,11504.58840388007
6283247,23929.15343915344
6283248,13414.36267436267
6283253,38817.772266313936
6283254,24204.154240820902
6283256,20267.276334776336
6283270,9830.697971781306
6283273,28375.636684303357
6283278,23685.672398589064
6283284,22290.45804504138
6283287,47905.22552910053
6283306,31366.150793650788
6283313,31775.07306878307
6283315,25093.63756613757
6283316,25574.29232804233
6283317,29229.99779541447
6283320,26174.92504409171
6283322,32212.17151675486
6283324,15059.526455026453
6283326,31427.37433862434
6283328,31988.44003527337
6283331,15114.63403880071
6283332,11791.494708994709
6283335,10363.972262305595
6283337,11767.020502645502
6283342,8274.38315696649
6283345,10804.998015873018
6283349,12196.47486772487
6283350,10024.53673641174
6283354,76774.10185185187
6283395,40297.088624338634
6283396,53554.59054834055
6283422,70990.4968334135
6283431,24422.557319223983
6283436,15282.492063492065
6283438,15767.553431136765
6283442,12299.694524611192
6283452,21348.611111111106
6283456,24838.271604938273
6283465,15122.5645342312
6283467,16263.472222222223
6283468,37852.186948853596
6283469,50246.552028218684
6283472,10564.232804232804
6283476,23478.396164021156
6283480,12285.601851851852
6283537,22307.053571428572
6283539,23633.498677248674
6283545,51819.9470899471
6283552,55010.034471701125
6283563,12992.514189514191
6283564,12951.59752284752
6283577,19510.194003527336
6283579,16333.651895943562
6283581,21013.616622574955
6283594,28152.546296296296
6283603,24440.330687830687
6283606,28481.392195767192
6283627,34531.847442680766
6283629,33529.63844797179
6283630,34792.9155643739
6283644,37503.84479717814
6283645,36561.664462081135
6283656,44712.95835337502
6283662,33671.556437389765
6283669,53289.28164428164
6283671,62134.62962962962
6283672,62835.291005291
6283680,74004.78274811608
6283690,47774.894179894174
6283713,53959.072378239056
6283714,67235.74294532629
6283720,71748.26499118166
6283733,72417.98280423282
6283735,73093.29144620811
6283740,76151.67328042327
6283747,53204.95404287072
6283760,28454.77312810646
6283770,27433.298059964724
6283775,22008.04232804233
6283776,21539.391534391532
6283777,21511.5873015873
6283778,31565.467372134033
6283780,30322.537477954134
6283784,31620.56657848325
6283799,35918.13271604938
6283802,40040.49543049542
6283806,44491.754248837584
6283809,41165.13447971782
6283813,48094.61860670195
6283820,56510.839947089946
6283821,63172.32804232802
6283843,63896.3261584095
6283845,65524.0873015873
6283846,65635.42668751003
6283851,76576.15480198816
6283854,80067.61667345001
6283856,80250.95000678334
6283858,80268.72778456112
6283874,15425.713183421514
6283876,14335.603717270385
6283878,25260.90828924162
6283888,22512.83950617284
6283895,24149.840067340065
6283902,23415.423280423278
6283906,21341.609347442685
6283907,18950.05511463845
6283908,31075.34752284752
6283916,35086.589305755966
6283922,28095.884038800716
6283923,34112.695406445404
6283926,29862.694003527333
6283938,28135.370370370376
6283939,32712.277336860672
6283940,32230.286596119928
6283952,34399.33774250441
6283956,37151.07178315514
6283962,44164.457671957665
6283965,49301.847442680766
6283967,50685.116241782904
6283968,48221.027336860665
6283971,52333.642175725516
6283972,55666.72759339424
6283981,36568.16618566619
6283994,79770.46436588102
6284056,24956.14858906526
6284078,35753.97045855379
6284081,26930.440917107582
6284096,13459.730158730159
6284108,19677.314814814814
6284111,18093.055555555555
6284121,19135.968915343918
6284122,20893.088624338623
6284126,80595.07936507938
6284127,81453.06437389771
6284131,45686.92159692159
6284132,40960.096323429665
6284135,45673.958633958624
6284137,38144.9393738977
6284143,42808.75703771537
6284144,48167.07892416225
6284148,60950.176366843036
6284150,69219.6596921597
6284151,61128.752605419286
6284199,14604.19532627866
6284203,26891.893738977073
6284205,27881.22574955908
6284206,27610.2557319224
6284220,46851.5939153439
6284222,50571.360229276885
6284234,66812.09215167549
6284245,16392.513227513227
6284263,60972.026014109346
6284264,61125.762987012975
6284267,58834.16907166907
6284270,59390.35249318582
6284289,98568.4126984127
6284298,78044.26587301586
6284355,37532.3082010582
6284356,31034.276014109342
6284357,31034.276014109342
6284363,34932.58156966489
6284368,37642.92107583774
6284373,85565.47077922078
6284375,8874.742724867725
6284376,21012.988015071347
6284377,20536.611552028215
6284380,43824.8082010582
6284381,19586.56946448613
6284390,19869.25885842552
6284404,28202.843915343918
6284414,31747.118606701944
6284420,33976.86808561809
6284424,32459.61940836941
6284438,29870.449735449736
6284440,29873.71693121693
6284447,31314.65828924162
6284450,31356.092672759336
6284469,10793.578042328043
6284473,10913.101851851854
6284477,11063.434744268077
6284478,10992.308201058202
6284484,12098.555996472664
6284486,12128.589065255732
6284487,12100.255731922398
6284488,12128.589065255732
6284495,13876.514049222382
6284499,14491.750889850891
6284507,15413.196296296295
6284508,15593.457239057238
6284509,16000.96464646465
6284512,15939.422398589066
6284515,18897.358906525576
6284516,15873.894540644544
6284518,12169.25925925926
6284521,12176.638447971782
6284528,11309.4708994709
6284556,13008.606782106783
6284559,13173.115961199295
6284565,13120.338183421518
6284566,13120.338183421518
6284571,14606.906966490302
6284586,17041.739417989415
6284593,22432.566137566137
6284598,11262.09986772487
6284602,36243.469135802465
6284624,16764.779541446205
6284625,19532.131433381433
6284641,32959.444444444445
6284644,32092.73148148149
6284655,32979.55026455027
6284657,15757.079525412859
6284667,31431.997884831217
6284668,30742.02734611068
6284676,34362.24206349206
6284677,37708.75440917107
6284681,39063.90211640212
6284683,43897.70061728395
6284697,43399.55467372133
6284699,44020.34171075838
6284701,43977.00820784154
6284703,45982.14285714286
6284706,43923.07362390696
6284707,56393.46323429658
6284708,56200.323904490586
6284709,34010.97883597884
6284710,77923.81734006734
6284712,50003.27881994549
6284722,42732.228835978836
6284725,43011.70574795575
6284727,41708.29585537918
6284742,53851.06669873337
6284744,51998.91534391534
6284746,52083.738776655446
6284751,58711.77128427129
6284777,48350.02865961201
6284788,50958.98589065255
6284821,56629.02056277056
6284831,62120.15873015871
6284839,60108.20767195767
6284840,58388.97266313933
6284847,55733.5648148148
6284850,67539.03198653196
6284872,38505.347001763665
6284893,58080.76719576721
6284900,59809.08068783068
6284908,69497.58597883597
6284939,79437.19075677406
6284974,47632.73875661376
6284980,50582.865159531815
6284986,47536.73520923521
6285027,48086.79637646303
6285030,47865.1608946609
6285036,43870.92893217893
6285038,46751.88151354818
6285039,51744.32980599647
6285062,62578.217933301275
6285069,62981.751523168175
6285086,73435.86419753084
6285091,69164.44885361551
6285142,47051.59832451499
6285153,42038.19264069264
6285155,49292.62602212603
6285166,65252.82848324516
6285170,75777.23544973547
6285226,16919.484126984127
6285229,19808.62059082892
6285230,20565.202380952378
6285232,18618.69047619048
6285233,18655.66474266475
6285267,18745.65476190477
6285272,20403.190476190473
6285275,19175.579805996473
6285290,15135.255731922398
6285293,20737.654320987655
6285299,22951.300705467373
6285300,20946.944444444445
6285304,21545.963403880076
6285315,23391.017316017314
6285316,20212.31261022927
6285321,22729.41900691901
6285333,23943.938712522046
6285340,23573.2979597563
6285345,19193.831128747795
6285353,25266.779100529104
6285354,30876.69292127625
6285365,38497.138447971774
6285376,35473.43915343916
6285379,10140.723605098605
6285390,16933.5930335097
6285394,56857.678571428565
6285397,47491.12995029662
6285398,77327.72048938717
6285399,52899.106261022935
6285403,42897.00176366843
6285404,47822.92328042329
6285405,58811.589506172844
6285406,48569.682539682544
6285407,48203.9417989418
6285408,62121.880511463845
6285419,7441.288660413662
6285420,7288.570767195767
6285421,8413.392857142857
6285423,7913.829665704667
6285442,9858.822089947089
6285444,9864.562610229279
6285458,10510.972883597882
6285461,10315.886243386245
6285478,26646.973104056433
6285479,24842.10978835979
6285480,26273.14594356261
6285514,102310.53990299824
6285524,17082.389770723104
6285525,17054.819223985894
6285534,18447.986684303352
6285537,20362.500994067665
6285539,22263.53053551387
6285546,7394.12566137566
6285548,7803.216710758381
6285553,6372.410654160653
6285567,8212.766754850089
6285571,12388.8139329806
6285581,31723.207070707063
6285583,20850.22707231041
6285585,20823.83068783069
6285587,20730.90568382235
6285594,24172.71384479718
6285597,26477.513227513227
6285600,24148.269400352732
6285605,33859.4517396184
6285606,31991.11127144461
6285613,31683.256172839494
6285621,37336.47266313933
6285650,9099.382275132277
6285657,9328.981922398589
6285658,8410.662157287159
6285662,10187.438492063493
6285672,10211.778880070544
6285674,9711.369749078081
6285685,11769.453093203096
6285696,10655.019440436106
6285710,10339.643217893217
6285711,10353.726671476672
6285714,10255.137606220942
6285722,11048.357583774248
6285729,10616.53835978836
6285731,10827.798059964724
6285755,10582.526455026456
6285757,11779.983465608462
6285758,10901.598585056918
6285760,10837.774691358023
6285761,10886.228214686545
6285763,10886.228214686545
6285767,10816.603876062207
6285777,12817.638748597083
6285832,14988.348965848963
6285833,13757.575557158892
6285841,11888.496328362993
6285850,15685.80507455507
6285858,13855.742945326278
6285862,15778.226410934745
6285867,15994.900994067664
6285873,16825.109427609426
6285881,15269.090608465609
6285885,13491.822751322756
6285898,12980.906064614395
6285899,10564.77733686067
6285900,16601.08245149912
6285905,13267.504409171079
6285908,9666.262425845758
6285910,9954.803791887125
6285911,10149.886684303354
6285913,10778.752284752285
6285914,11436.810846560847
6285918,12775.772266313932
6285919,9724.605379188713
6285923,11231.998657206992
6285924,10700.650352733686
6285926,10853.467813051147
6285935,11664.427008177008
6285937,14257.775573192243
6285944,12229.032186948854
6285946,15667.154521404522
6285956,13543.528439153439
6285959,13329.05996472663
6285963,12079.171075837741
6285967,13329.391534391534
6285972,12859.37918871252
6285979,12187.0291005291
6285988,16894.50617283951
6285989,15584.998436748436
6285993,12383.134920634919
6285997,15359.234006734008
6286007,15675.240079365087
6286008,14306.614558281228
6286011,14789.951499118162
6286013,18184.343033509704
6286015,15356.522366522366
6286027,15576.101410934745
6286034,20014.124779541446
6286035,14431.977513227515
6286038,18164.631834215168
6286042,16409.4565696649
6286046,16650.33950617284
6286049,16584.534832451496
6286050,22248.560405643737
6286052,20902.86375661376
6286060,16148.987193362194
6286062,16504.920434503765
6286068,16083.93450376784
6286070,21844.724867724864
6286071,17104.06746031746
6286081,26906.748236331572
6286089,23268.26679493347
6286092,23826.866883116887
6286093,25526.986331569668
6286097,21909.95811287478
6286100,21390.588624338623
6286125,21860.73112073112
6286132,21948.55459355459
6286134,21606.23015873016
6286137,23838.98809523809
6286138,23764.29473304473
6286139,22883.915343915345
6286140,22883.915343915345
6286160,25245.449735449736
6286163,23724.313973063974
6286170,22501.263227513227
6286193,24145.912898829563
6286202,26729.22619047619
6286208,24797.85353535354
6286210,26829.157848324518
6286215,26223.874674708008
6286218,26670.19280102613
6286219,27017.291566458232
6286221,26474.359467692797
6286232,25372.477513227514
6286234,24115.294612794612
6286298,25750.052308802307
6286306,28180.447530864207
6286311,26855.773809523813
6286312,25477.5176366843
6286313,25791.79232804233
6286327,23046.646825396827
6286328,26409.226190476187
6286330,26312.97619047619
6286344,22597.84435626102
6286349,26829.462081128746
6286360,26346.216931216943
6286377,26184.014550264554
6286381,26727.795414462085
6286382,27059.682539682537
6286427,25196.962081128753
6286431,26103.536155202826
6286454,26346.763668430336
6286459,26148.41931216931
6286468,25809.204144620806
6286479,25045.69885361551
6286483,25415.159932659928
6286490,24692.205387205388
6286493,25409.775132275136
6286504,26245.520282186957
6286518,26199.351851851847
6286532,26798.225308641984
6286544,25142.28595478595
6286545,25223.674843674846
6286558,25181.174843674842
6286559,25206.545214045214
6286561,24984.02116402116
6286570,26318.96164021164
6286571,28792.39638447971
6286577,26242.771164021164
6286580,26562.936507936505
6286581,26381.660052910054
6286586,31055.652557319227
6286587,28277.42724867725
6286591,28076.898148148146
6286597,28124.83465608465
6286606,26087.414021164022
6286609,24673.92616642617
6286618,24463.648388648384
6286627,24337.391774891767
6286628,34080.14109347443
6286633,34123.946208112866
6286635,34409.42239858906
6286636,34409.42239858906
6286640,33797.171516754854
6286642,33565.22045855379
6286660,15624.10383597884
6286669,17514.674923841594
6286670,19294.99338624339
6286675,16626.732804232808
6286684,18766.852653519316
6286691,18316.536596119928
6286700,18002.71785313452
6286701,17712.379148629145
6286702,17709.44183902517
6286704,17712.379148629145
6286709,21281.554232804232
6286712,22516.73941798942
6286715,21916.472663139328
6286721,27314.542949334624
6286743,28379.551366843036
6286745,24597.92187750521
6286751,25102.622053872055
6286752,24614.63924963925
6286756,28528.158970658962
6286760,25478.825757575763
6286777,25942.90564373898
6286778,24149.07888407889
6286779,25902.762345679017
6286782,26028.359788359783
6286794,26063.63756613756
6286795,27699.51278659612
6286798,28710.407848324518
6286810,28052.949735449736
6286813,27993.888888888883
6286814,26195.24691358024
6286815,27313.41049382716
6286829,29244.91622574956
6286835,27522.605820105815
6286843,32736.843033509696
6286854,31673.161375661377
6286860,31310.132275132277
6286864,35914.8849607183
6286865,35914.8849607183
6286885,35647.16931216931
6286927,26498.28703703704
6287009,16376.005772005768
6287017,17385.585618085617
6287047,10800.643298059967
6287052,12644.664902998235
6287065,17279.70568783069
6287067,14845.765792849124
6287087,15310.453142536478
6287091,15771.665223665224
6287093,16072.724867724864
6287094,16659.322190155526
6287098,20197.67797017797
6287099,17575.17736892737
6287105,17312.85954785955
6287123,25819.53222703223
6287125,21715.930335097004
6287126,24540.26144380311
6287127,24686.921296296285
6287140,29018.295855379194
6287143,25368.44797178131
6287145,29367.662938912938
6287149,28666.192680776017
6287150,29272.43366201699
6287152,29018.044532627864
6287153,29583.602092352095
6287154,27578.78086419754
6287163,31641.560846560846
6287170,32687.588183421507
6287172,32687.588183421507
6287186,30885.963403880065
6287212,17170.800264550264
6287228,10017.854938271605
6287234,11538.807118807119
6287250,14254.634139009137
6287255,15823.271604938269
6287262,21203.465608465605
6287270,15143.38315696649
6287277,21738.591463844798
6287291,21965.920514670517
6287306,15905.857583774248
6287322,39007.582972582975
6287331,28629.607583774254
6287340,27786.48148148148
6287358,36966.757054673726
6287359,39763.44797178131
6287360,35276.85846560847
6287367,34547.64991181658
6287375,39036.06421356422
6287380,33298.979276895945
6287384,49164.378306878316
6287386,40908.392857142855
6287406,9248.583333333334
6287408,12465.344356261023
6287413,9765.207231040566
6287415,11196.650713484047
6287416,11112.325316658651
6287418,11966.97134038801
6287424,63656.2147266314
6287434,13928.642857142857
6287436,13916.649631232962
6287437,13916.649631232962
6287443,16033.805114638446
6287445,16720.383597883596
6287446,15630.774611191278
6287447,19526.902557319223
6287455,17242.083333333332
6287461,16645.52689594356
6287466,23704.46869488537
6287479,30686.838624338623
6287484,31766.329365079368
6287485,28993.906525573202
6287493,30282.786596119928
6287495,35586.58509700176
6287504,36160.50485008818
6287510,15749.792167708836
6287529,20024.35714285714
6287532,16946.069664903
6287534,19306.277557319223
6287551,21970.499318582653
6287553,21970.499318582653
6287554,20023.456990540326
6287555,19383.538359788356
6287556,23315.983245149917
6287560,20051.027557319227
6287573,23865.675111925117
6287577,22529.409171075844
6287583,25134.429914221582
6287588,24907.010582010582
6287590,23033.710317460314
6287610,26065.252124418796
6287621,24578.99891774892
6287647,42989.35185185185
6287650,33971.95546737213
6287651,29798.02400994067
6287652,33889.12257495591
6287663,34884.36948853617
6287677,42864.47883597884
6287704,45066.19929453263
6287705,33681.85405643738
6287709,39664.83245149912
6287714,46997.99162257496
6287717,53945.98544973546
6287761,39588.890091390094
6287764,40552.77898027898
6287786,46106.74074074074
6287796,51812.125420875425
6287805,76297.03042328042
6287807,44112.11419753087
6287817,43937.84171075837
6287821,65004.55026455026
6287824,76367.42283950617
6287827,76398.110670194
6287829,78002.51984126984
6287831,77412.92989417988
6287835,49001.578483245146
6287841,82730.08377425047
6287862,13260.600048100045
6287866,15984.532627865961
6287870,16001.953463203463
6287875,14783.871452621453
6287881,15984.179894179897
6287884,18367.574955908287
6287886,19432.329545454548
6287889,16765.11223344557
6287892,17330.092793009462
6287906,31013.91053391053
6287934,15652.213403880069
6287935,14908.011463844798
6287939,24230.89466089466
6287941,17907.810545935543
6287948,25321.64241622575
6287950,24918.147146063817
6287957,28388.061768478445
6287963,29781.865981240986
6287966,21086.89484126984
6287970,18488.33774250441
6287971,25955.752865961193
6287975,36852.74025974026
6287976,38225.54453262787
6287979,38580.46957671957
6287980,41781.73721340388
6287981,39499.67592592593
6287983,36022.71164021164
6287984,40109.95510662178
6287993,58569.82142857143
6288005,52769.182098765436
6288011,81742.65873015873
6288014,83448.617989418
6288015,76009.58573833575
6288048,16110.050264550267
6288049,17419.66937229437
6288050,17672.12742504409
6288057,24412.514550264554
6288068,37510.831128747785
6288071,32963.143738977065
6288078,38394.19091710759
6288109,96611.90476190476
6288110,95786.57407407409
6288223,20514.149470899476
6288228,14448.468013468015
6288238,16455.146604938273
6288245,20238.16438191438
6288248,14874.102733686068
6288251,14243.131613756615
6288256,15417.9651675485
6288257,31431.29389129389
6288260,15511.9651675485
6288262,20604.01878985213
6288265,20271.866181657846
6288270,31296.35141093474
6288278,45688.78747795415
6288287,15995.98831569665
6288288,20909.01984126984
6288320,21910.031966490304
6288322,7228.223544973546
6288324,33022.96957671956
6288327,45616.28827962161
6288328,35845.53130511464
6288329,35370.49603174604
6288330,34983.322310405645
6288331,80619.08509700178
6288338,36981.4770723104
6288339,32140.758778258776
6288343,18929.422398589064
6288344,24677.18540564374
6288345,25270.588624338623
6288347,23223.827922077922
6288350,25448.829365079364
6288352,22393.538359788363
6288353,22422.28174603175
6288354,22483.260582010585
6288355,17873.06327160494
6288357,25227.643298059957
6288358,22533.90873015873
6288359,22372.33465608466
6288373,69970.31665864999
6288374,13965.180335097002
6288377,24740.10912698413
6288397,16442.68769039602
6288415,13005.245911495913
6288424,12516.139770723103
6288430,21540.0815696649
6288460,14107.399190315859
6288465,16844.643458393457
6288475,32200.319664902996
6288486,10937.54134599968
6288495,10757.461640211639
6288496,10873.386243386243
6288498,9842.329365079364
6288511,20910.378483245146
6288513,16303.176807760137
6288523,14057.582451499118
6288527,13299.868807118804
6288534,14215.852954144622
6288548,29682.69420394421
6288549,18835.295414462074
6288551,15612.01551226551
6288552,13641.020522687191
6288567,14404.621421788092
6288568,13640.466289882957
6288571,14742.622594997594
6288573,16457.199494949495
6288575,15905.228234728234
6288590,13793.015893057564
6289668,24294.14381914382
6289755,12352.17019400353
6289786,14743.454144620815
6289793,23147.101270642936
6289795,22060.046075837738
6289798,23900.43710918711
6289799,43362.03042328042
6289838,17920.57687991021
6289844,22912.577461119126
6289847,15305.355579605579
6289857,19246.130832130835
6289864,22583.80591630591
6289893,12868.509259259255
6289896,20468.409391534395
6289898,13279.39065255732
6289925,13433.744047619051
6289926,13462.63293650794
6289932,10920.999338624342
6289957,11540.047839506175
6289962,10815.275132275136
6289966,13894.348544973544
6289967,13558.936507936507
6289968,11265.692680776014
6289969,10942.801226551228
6289971,12723.818903318901
6289972,11369.610229276896
6289973,11421.808201058202
6289975,11549.077280743948
6289979,11758.503527336863
6289982,15712.906144781147
6290015,10286.025132275132
6290020,10189.354938271601
6290030,14572.477954144619
6290032,9860.082231040567
6290041,10864.713303671639
6290051,13114.139971139974
6290052,11951.489197530864
6290214,14742.198953823952
6290218,13266.46536796537
6290249,14009.095218053551
6291390,11033.661816578484
6291470,14600.726310726306
6291473,14658.133718133715
6291509,17512.251683501683
6291568,19944.351851851854
6291571,19496.23897707231
6291575,17771.52847923682
6291596,18297.993867243873
6291597,18909.527116402118
6291635,22049.27028218695
6291636,22286.646825396827
6291638,20168.308641975313
6291640,15384.222222222223
6291679,24663.16468253968
6291684,27390.458152958145
6291740,19943.878968253972
6291750,26966.122134038807
6291781,30793.86463844797
6291797,28423.644179894185
6291805,33460.21164021164
6291814,36693.048941798945
6291815,36872.448292448295
6291818,37075.25733525733
6291868,31914.494147827478
6291871,21713.69047619048
6291883,35536.81734006735
6291917,23712.1693121693
6291921,24448.159171075833
6291927,34519.09070867404
6291929,29533.531746031753
6291935,30550.41225749559
6291948,22415.19841269841
6291952,20164.99659291326
6291963,28500.180776014116
6291971,38503.33894500562
6291977,40108.08541766874
6291981,42047.466931216935
6291990,62802.017195767185
6291995,22389.216049382718
6292001,24830.231746031754
6292011,49289.416786916794
6292021,39392.72166105499
6292034,37368.05114638449
6292167,19544.50176366843
6292177,24400.09070867404
6292189,22245.727513227514
6292202,26654.298941798937
6292207,24616.362433862432
6292247,87044.07627865962
6292413,11997.074074074073
6292443,60301.60052910054
6292447,20493.32551707552
6292455,88277.59700176367
6292498,31152.246472663144
6292579,26117.97755331088
6292634,23133.436948853614
6292644,24077.09479717813
6292652,36530.8615921116
6292653,41556.83080808082
6292659,39707.56493506493
6292661,38999.792768959436
6292664,63913.865961199306
6292669,55360.531305114644
6292732,76635.57539682541
6292739,62762.40259740259
6292746,11628.124338624339
6292758,24671.829805996476
6292769,84929.53463203461
6292770,86037.40079365078
6292797,84447.6984126984
6292800,69291.98352573352
6292802,73631.278659612
6292814,29280.82760141094
6292837,61007.01719576719
6292842,71847.37213403879
6292852,89941.30291005291
6292853,88771.11592111594
6292882,67994.5877425044
6292885,74874.19973544971
6292892,83909.04761904762
6292912,89616.79894179896
6292919,86637.24025974027
6292924,86788.44997594997
6292928,85967.40079365078
6292930,85967.40079365078
6292931,86377.38756613756
6292934,66211.35361552029
6292935,39011.70855379189
6292937,87399.01214526215
6292969,42782.427248677246
6292975,71019.12037037038
6292990,78026.91137566137
6292991,67737.59700176369
6293014,38322.57848324514
6293042,58643.22971781305
6293054,75886.17724867725
6293058,61251.53439153439
6293063,62435.01763668431
6293064,71704.03880070549
6293065,69805.49603174605
6293068,61813.61552028219
6293069,59225.02645502644
6293070,55419.70899470898
6293200,42530.04830046497
6293487,68751.990339907
6293488,22978.2671957672
6294504,18775.79365079365
6294505,17784.153778320444
6294508,31825.186881020214
6294520,19539.960317460314
6294537,26554.525112233452
6294538,19991.76587301588
6294544,29125.383597883607
6294558,24360.40113435947
6294560,24057.481261022927
6294649,26620.4012345679
6294650,43738.75
6294653,25965.55044492544
6294658,40589.927553927555
6294659,40228.18033509701
6294660,39833.08774250442
6294685,42631.884720218055
6294699,53933.497675164355
6294719,82090.68482443482
6294793,27348.069664903
6294854,66884.54625621293
6294857,58812.29056437388
6294870,49980.804673721344
6294873,38208.06657848325
6294889,15077.676648968316
6294897,28355.174162257503
6294925,16348.230820105826
6294970,10863.047839506173
6294982,32218.882275132262
6295064,16912.57892416226
6295068,31134.264269680945
6295088,20497.136243386245
6295573,45830.72310405643
6296215,13106.038660413658
6296548,18236.756353214685
6296566,17947.172077922078
6296582,14795.783289241625
6296869,7861.760221260223
6296915,63393.472663139335
6296916,65164.779541446216
6297261,23841.631393298063
6297417,71206.89814814813
6297418,71241.62037037035
6297419,70644.19091710757
6297490,10785.18879268879
6297615,46735.694444444445
6297616,47088.829365079364
6297917,63767.627865961185
6297930,71396.63386243385
6297943,17980.930735930735
6298021,12225.969576719577
6298053,16201.814373897707
6298125,10975.250220458554
6298158,13759.229998396662
6298159,14164.322590989255
6298210,26899.134800384803
6298229,15833.238536155199
6298271,12296.688081208915
6298273,22154.940476190473
6298276,14975.853174603175
6298291,18266.76807760141
6298313,21063.990299823632
6298318,21661.01410934744
6298330,21407.92548500881
6298335,21695.853174603173
6298337,21328.386243386245
6298338,20730.934744268077
6298345,19785.10582010582
6298353,25551.87029020362
6298358,21329.605379188706
6298363,22641.618165784836
6298366,23561.79894179894
6298367,21321.119929453256
6298368,16457.331248997918
6298369,24672.089947089946
6298392,14837.06349206349
6298397,16227.788800705464
6298560,47265.374779541446
6298574,29760.018037518035
6298991,63256.85626102293
6299002,43259.700176366845
6299022,37550.820105820094
6299026,44451.55643738977
6299054,53383.811728395056
6299074,25138.305114638453
6299075,28774.979056437398
6299084,37076.24338624339
6299125,13033.157166907167
6299129,13034.975108225111
6299219,34912.08934583935
6299239,57920.687830687835
6299240,57920.687830687835
6299244,25630.32804232805
6299265,38217.782186948854
6299274,62717.39417989419
6299278,34485.308641975316
6299281,35738.71913580247
6299289,69593.00044091711
6299292,34540.58862433863
6299296,41289.87153278819
6299305,76734.16666666669
6299306,80759.34523809524
6299317,43532.96075837742
6299319,36926.45442520444
6299324,27867.963895672234
6299328,24528.12720458554
6299331,42231.50332692
6299350,34749.01014109347
6299356,41100.712682379344
6299362,77101.88712522047
6299455,33668.264991181655
6299456,33143.8955026455
6299459,41844.02116402117
6299461,39093.915343915345
6299462,72254.50088183423
6299491,13921.270562770564
6299528,13970.175044091713
6299555,15004.647486772488
6299622,35643.530864197535
6299625,26322.477491644164
6299642,52390.35373577041
6299646,58257.42945326278
6299649,53593.98128106462
6299661,70495.78730158729
6299662,74744.86137566136
6299663,70495.78730158729
6299665,68768.68827160493
6299687,45894.59285313452
6299690,28445.759379509374
6299693,27653.682659932656
6299694,27475.53010261344
6299717,16272.509259259261
6299862,18463.775773609108
6300072,13781.212522045855
6300130,15247.47398589065
6300150,47673.313492063484
6300151,48755.4585537919
6300152,50558.83597883599
6300162,59014.230599647264
6300171,20598.320105820112
6300220,82776.90917107585
6300230,83230.52469135803
6300242,36597.05687830688
6300243,58497.01298701298
6300244,70320.67680776014
6300263,27181.672178130513
6300273,26097.02380952381
6300282,30677.213403880058
6300284,28259.328002244674
6300288,30358.27380952381
6300303,30580.502645502642
6300305,37126.07142857142
6300306,33764.21516754851
6300315,37784.887566137564
6300320,36328.24514991182
6300321,37616.62477954144
6300322,39125.12532220865
6300324,35676.05679814013
6300325,39617.90309998643
6300332,40987.903099986426
6300339,40164.045075295086
6300340,40987.903099986426
6300341,40362.79260862595
6300342,36550.822310405645
6300343,41378.686067019386
6300344,39991.79012345679
6300346,40060.2557319224
6300348,36899.25925925925
6300349,41272.0234703568
6300350,35807.45149911817
6300351,41079.115961199284
6300354,42271.714566297895
6300357,41119.91341991342
6300361,41972.190756774085
6300363,41214.25204425204
6300365,40081.85666185666
6300367,40433.86904761904
6300368,42369.02336860669
6300382,41650.38766788768
6300441,18726.466049382714
6300442,16922.458513708512
6300447,26311.75705467372
6300448,26492.27072310406
6300450,36398.379629629635
6300456,41288.47382555715
6300458,39707.729276895945
6300461,42548.4141629975
6300463,18169.49209124209
6300473,21273.6717372134
6300554,13952.112393779065
6300555,17465.123456790127
6300557,17286.333774250445
6300564,20343.766534391536
6300578,43674.98196248195
6300582,54283.97045855379
6300602,49253.972663139335
6300605,53014.90299823633
6300609,48906.92460317461
6300618,49040.7848324515
6300641,53580.41105499438
6300647,60022.22442680777
6300656,70253.41329966328
6300663,67301.63580246913
6300755,50082.3082010582
6300757,49164.38932980599
6300773,20806.209996793335
6300779,27785.44103735771
6300886,43758.03070386405
6300932,29485.494166327495
6300935,16535.949775533107
6300936,18506.995751162416
6300953,18604.953703703704
6300962,19665.822310405645
6300964,18810.695546737214
6300970,35978.57082732084
6300998,31299.0586419753
6301017,20540.186728395063
6301023,17190.085978835978
6301024,20255.98544973545
6301037,21873.01851851852
6301038,35237.65211640213
6301056,27706.909171075833
6301059,26966.686507936505
6301078,26216.029541446213
6301082,17872.50881834215
6301100,18716.12477954145
6301112,19047.822009780342
6301124,27467.905643738974
6301157,35657.73677248679
6301161,12064.07208994709
6301167,15620.529100529096
6301173,22355.66798941799
6301181,17993.700396825396
6301192,36396.51631393298
6301211,61704.26587301589
6301224,21480.749823633156
6301239,14679.681938431937
6301250,41984.58112874779
6301253,34922.74050024049
6301285,22606.995149911814
6301286,64321.50132275133
6301312,25162.89241622575
6301335,20273.79469296136
6301343,11575.343915343918
6301355,9821.480800064133
6301375,17624.134700176368
6301401,32934.13139329805
6301511,46772.04004329005
6301578,16485.805776014113
6301579,16188.74228395062
6301580,17125.42708834376
6301581,16927.332451499118
6301652,13096.688051146388
6301655,14889.165363957027
6301662,12444.995590828923
6301682,31091.298500881825
6301694,33819.01895943562
6301727,20886.714285714286
6301729,12622.297178130511
6301739,16195.47178130511
6301773,12607.301366843034
6301816,40345.0992063492
6301879,17088.511904761897
6301903,50144.79337021003
6301907,20816.704144620806
6301933,75310.7890412057
6301943,20700.23478835979
6301978,42742.17432259099
6302022,48686.467572550886
6302033,41166.00529100529
6302070,16875.78747795414
6302071,17340.610670194
6302080,29239.49514991182
6302084,16777.806437389772
6302088,19055.595518678852
6302106,46340.571588904924
6302123,19029.753086419747
6302126,18298.03280824114
6302152,48856.02072310404
6302153,16889.760802469136
6302202,13380.583613916944
6302228,36407.40229677728
6302291,18780.352733686068
6302337,29494.154761904767
6302338,18631.40592432259
6302339,19107.448693282022
6302345,24673.07275132275
6302383,37841.32936507936
6302409,13890.785934744268
6302417,13571.808201058197
6302451,81264.69135802469
6302472,40009.26623376623
6302485,44772.56613756614
6302517,20758.296626984124
6302520,15102.428571428576
6302589,14689.533068783068
6302617,11802.410994869326
6302694,20026.495811287477
6302719,17382.017195767196
6302727,43628.67925284591
6302737,54074.3849206349
6302748,11603.656305114639
6302770,11717.862554112553
6302845,78889.8434744268
6302857,61538.15917107583
6302887,16724.040885040882
6302907,15834.508824508823
6302942,25000.347222222226
6302956,14377.711640211639
6302977,13457.413119288123
6302979,14701.963183421512
6302980,17782.57395382395
6302981,17782.57395382395
6302982,18099.553350970018
6302985,18099.553350970018
6302988,15916.74813612314
6302994,28709.190917107575
6303030,28844.107142857152
6303031,29325.19660894661
6303032,88116.66666666666
6303042,33017.197971781294
6303043,16083.038470017633
6303077,50905.745149911825
6303078,31574.940476190484
6303162,101989.45546737211
6303300,24846.084215167546
6303306,22675.906084656082
6303357,9946.049603174604
6303378,29290.226078242747
6303395,27746.904761904756
6303400,20652.771825396827
6303441,35941.64858906526
6303461,24628.273809523802
6303467,42191.35361552028
6303483,43486.130952380954
6303489,25713.18125701459
6303515,32566.780202821876
6303516,44235.299021965686
6303527,13379.140211640213
6303536,50730.64484126984
6303549,41925.72971781305
6303570,22810.973304473308
6303585,59588.84038800706
6303608,63704.041005291016
6303611,65498.3950617284
6303621,15834.93346160013
6303624,17886.830808080806
6303626,13136.343033509702
6303630,17759.688712522046
6303639,63033.681657848334
6303662,97492.00396825396
6303673,20264.402557319227
6303681,49840.811688311696
6303693,18689.034692159687
6303725,15660.36255411255
6303737,11441.030202821868
6303762,20076.44199935866
6303777,29978.467813051135
6303786,57479.79497354497
6303789,25564.137205387207
6303798,44968.09986772487
6303803,19248.29475308641
6303807,16935.88624338624
6303838,19017.680207570207
6303839,25790.632716049382
6303845,31090.084215167553
6303859,84921.05900272567
6303887,34498.822751322754
6303904,84798.2227032227
6303908,16469.782247073916
6303943,35970.81228956229
6303944,45964.39514189515
6303947,32562.705026455027
6303948,59647.62125220457
6303954,94324.9154240821
6303986,24012.910052910054
6303988,28872.61243386244
6304012,12774.273468815134
6304013,28227.731990232
6304014,24113.785273368605
6304018,25117.31481481481
6304019,25117.31481481481
6304020,28708.965347923673
6304023,28811.743125701454
6304026,28839.52090347923
6304032,31629.836059002722
6304035,27715.73082010582
6304036,28538.51521164021
6304039,22422.340167548507
6304042,25296.725088183426
6304047,23440.259139009137
6304053,34692.99543049543
6304064,30742.80483405483
6304071,27051.65343915344
6304076,30938.056758056748
6304084,13991.613756613757
6304098,38765.72751322752
6304102,41886.89434022767
6304107,42338.7676366843
6304127,51154.60868606703
6304131,67869.95590828925
6304135,73034.81481481479
6304139,64887.20238095238
6304140,56050.65035273368
6304141,55357.86596119928
6304155,27498.7198372615
6304157,30491.17394179895
6304177,24769.29894179894
6304179,32813.7389770723
6304184,19242.974887766555
6304193,38990.3250761584
6304199,37698.224266474266
6304202,53701.18666827
6304203,52538.84760301428
6304207,77490.01322751325
6304210,66344.80599647269
6304212,84167.9122574956
6304225,28764.594356261023
6304235,17404.237213403878
6304239,20221.834415584417
6304241,26521.840828924156
6304243,28509.484126984127
6304248,51771.05599647267
6304249,27199.603174603173
6304250,26790.42989417989
6304256,43618.9065255732
6304260,26770.2733686067
6304264,29710.730519480516
6304267,47686.93302068303
6304278,46964.92945326279
6304284,24464.45426487093
6304285,35008.087522045855
6304298,27552.324074074077
6304300,53325.317460317456
6304309,45755.972222222226
6304313,55251.79232804232
6304314,54396.48368606702
6304315,26305.597442680773
6304316,58714.124338624344
6304317,44897.71164021164
6304318,62321.38447971782
6304319,51833.5868606702
6304321,63440.262345679
6304322,63595.945767195764
6304339,35301.27886002886
6304343,25193.20767195767
6304348,43051.955467372136
6304359,42710.88879870129
6304360,15689.706168831168
6304361,38918.13912938913
6304380,37745.84495751163
6304389,39123.72194163861
6304393,32713.284832451496
6304394,39704.19352252685
6304399,28654.653880070542
6304405,26883.77136752136
6304413,28305.136684303343
6304421,28330.048500881825
6304423,31986.675824175825
6304429,44499.94977553311
6304438,38285.97683181016
6304440,29283.425925925916
6304443,34881.94464486132
6304446,43072.285754369084
6304450,34331.46324354658
6304461,33045.98985890653
6304480,31098.578042328038
6304486,35444.221781305125
6304494,42175.7221019721
6304496,36883.45238095238
6304500,40665.574194324196
6304505,33944.04982363316
6304508,41374.59215167548
6304509,32208.45947570948
6304515,26229.025372775366
6304517,36513.76984126983
6304523,33858.292247875586
6304530,43536.85185185185
6304539,41743.635361552035
6304552,56158.862433862436
6304554,80661.61596119929
6304562,41361.441798941814
6304568,37321.298500881836
6304570,72073.69268077602
6304571,70036.41313932982
6304575,71588.0401234568
6304580,48458.320105820116
6304584,81623.03130511465
6304586,55386.45723104056
6304587,27268.401675484998
6304589,75185.51406926406
6304596,50500.48500881834
6304600,28289.175485008815
6304602,75957.58377425044
6304604,74507.25308641976
6304611,81025.7671957672
6304619,78465.24691358025
6304622,47990.57539682543
6304635,63438.28306878307
6304638,56529.16005291006
6304640,59182.89682539682
6304645,55898.99046940714
6304647,63408.675044091695
6304650,81056.78130511465
6304667,65956.44841269842
6304676,55620.09700176367
6304677,41324.097723264385
6304691,95178.6544011544
6304692,28344.230599647257
6304698,28757.63558201058
6304699,29663.93518518519
6304708,32744.11155202822
6304710,32548.788480038475
6304728,106086.7614638448
6304732,23292.705026455027
6304735,21410.370290203624
6304742,22342.570546737214
6304764,33305.92945326278
6304770,34438.42933301267
6304795,28238.174603174608
6304800,24342.422839506173
6304809,55702.211199294536
6304813,53323.30687830688
6304817,61602.30599647265
6304818,65393.22530864198
6304834,36158.66578483245
6304835,33737.914462081135
6304838,47792.19576719577
6304842,54934.97150997151
6304852,74651.50132275131
6304853,75380.49382716046
6304857,77051.30731922397
6304866,58410.95495553828
6305031,26416.15608465609
6305203,22864.464285714286
6305323,20798.709716209727
6305438,25218.97682379349
6305505,26072.707231040567
6305507,28524.21015712682
6305535,27821.67302604803
6305540,26459.894179894185
6305560,37435.31746031746
6305594,56797.72707231041
6305670,39330.02425044092
6305683,15412.056878306883
6305688,10980.156525573193
6305735,41065.072751322754
6305739,45743.02028218695
6305795,95670.21803350971
6305805,46212.77336860671
6305827,95710.74294532626
6305873,54778.63536155202
6305891,29967.011984928646
6305893,22966.371252204583
6305914,35773.39145422479
6305920,52990.12786596119
6305927,39896.99474907808
6305938,50735.775212441884
6305941,54241.18165784831
6305947,45896.58068783069
6305948,58373.45017636682
6305958,67641.54761904763
6305979,76737.28675645341
6305988,78525.72530864197
6305989,74593.9953102453
6305995,67306.01716185048
6305996,72460.96119929453
6306018,81608.8999118166
6306030,69728.487654321
6306043,86786.63580246916
6306044,80209.83024691358
6306056,88207.00256533589
6306078,78398.91534391535
6306086,71550.32407407407
6306142,15752.107483565813
6306150,15683.959335417665
6306170,12386.458433541768
6306196,73235.79425204424
6306202,86257.9681738015
6306204,86396.26683501684
6306305,87549.39594356259
6306326,89568.26940035274
6306431,21682.872574955905
6306449,48160.89726631393
6306480,73082.69841269839
6306483,65044.613195446516
6306487,78157.56834215166
6306488,73277.15371048704
6306506,76547.98941798943
6306519,44832.06162664497
6306522,54967.28615520282
6306529,54462.6102292769
6306555,58313.63816738818
6306556,48761.89814814815
6306572,84565.80647747315
6306604,84385.98897707231
6306605,82642.84082892418
6306611,74814.85028860028
6306614,19299.722222222226
6306615,19284.63624338624
6306616,20724.7552910053
6306619,20560.35714285714
6306620,20056.83641975309
6306621,23828.691578483245
6306625,20594.871933621933
6306636,28702.921276254605
6306638,30543.123176206507
6307450,70044.3962148962
6307718,47250.35714285715
6307720,82815.43342151676
6307723,64754.87213403881
6307728,84385.98897707231
6307730,31394.850088183415
6307731,31968.156966490304
6307822,34140.16754850087
6307919,35919.45105820106
6307925,23667.258597883592
6308037,71587.5418871252
6308185,16042.934303350963
6308193,10372.872514830846
6308281,11118.903880070548
6308315,10494.028539361872
6308320,14901.027336860665
6308322,12658.540564373896
6308323,12930.553130511464
6308413,19557.29276895944
6308654,14111.832010582015
6309766,12113.564093314095
6309808,9717.459656084657
6309826,9749.442239858907
6309828,9806.432980599648
6309835,10875.645943562613
6309840,10789.614197530867
6309847,9861.05345117845
6309866,13264.24360670194
6309869,12518.79938271605
6309872,13459.879629629631
6309887,15105.490119448454
6309892,14333.989898989897
6309895,16659.179894179895
6309904,18557.881393298063
6309905,10928.797619047622
6309913,11310.79365079365
6309914,10572.233245149915
6309928,11041.904761904763
6309934,13328.894700978037
6309935,14543.052549302549
6309938,13220.926587301587
6309947,12837.673059964724
6309950,15112.008377425042
6309952,10991.209616001282
6309954,12164.38668430335
6309958,12001.169532627868
6309980,13251.09898589065
6309985,13607.76455026455
6309990,13829.237213403876
6309993,13642.795414462083
6309994,13062.853835978834
6309996,12971.233465608468
6309998,17883.70811287478
6310008,15276.88051146384
6310027,13418.05996472663
6310028,14242.171516754846
6310033,18747.859748276413
6310034,15753.899911816574
6310067,19456.83421516755
6310071,25072.79982363316
6310080,19402.7491005291
6310089,18430.93404280905
6310163,6311.782407407408
6310167,10827.336760461758
6310180,11248.761463844798
6310198,6574.223985890653
6310205,6544.067420234088
6310214,6605.125237416904
6310217,6172.910453743788
6310218,5546.117684784351
6310226,5689.673681257014
6310245,15560.363756613757
6310249,7212.247574955908
6310253,6769.584656084656
6310256,7081.559082892416
6310260,6492.002204585541
6310266,6477.867724867728
6310272,6927.589726631394
6310295,6075.7281992698645
6310310,6297.943342151674
6310311,6930.17328042328
6310314,6391.940476190476
6310328,7202.192460317461
6310331,7731.376984126985
6310337,8260.586760461763
6310351,7234.564694564697
6310360,6642.529820488154
6310386,7215.286155202821
6310389,7719.883237133238
6310405,6969.711800545133
6310413,7342.4087301587315
6310416,7242.661375661374
6310429,7187.962742504412
6310431,7591.6299102132425
6310433,8303.742344075677
6310436,8924.28086419753
6310438,8500.127064293732
6310446,8597.684944684943
6310449,9497.120650953986
6310452,8634.343314093316
6310455,8875.988656405323
6310458,7831.371252204588
6310460,10657.609187109188
6310465,10077.47685185185
6310471,6917.900352733687
6310472,7773.219456469457
6310484,6664.182946682944
6310490,6710.450142450143
6310491,6673.081094831094
6310494,6720.1328517161855
6310506,7075.178571428571
6310511,7418.990295815296
6310526,7083.526675485008
6310530,7072.456349206348
6310532,7428.89638447972
6310540,17324.30114638448
6310543,10439.91865079365
6310567,9956.174162257495
6310578,8481.194083694085
6310580,7113.325837742506
6310588,7466.160052910052
6310592,8225.159932659932
6310593,8925.906746031746
6310594,9001.48258377425
6310600,8447.120200786869
6310602,9985.188712522046
6310608,8464.79348121015
6310616,9296.80577601411
6310619,9119.995811287477
6310620,12048.607804232804
6310622,9136.227573352573
6310628,9386.595017636684
6310629,9095.765051306722
6310632,12729.632495590828
6310633,9788.924162257495
6310634,8553.691578483245
6310635,11892.225388808727
6310636,13409.605467372132
6310642,8934.805996472665
6310644,10284.942239858907
6310647,7346.070818070818
6310648,8078.402116402114
6310651,8688.146164021166
6310652,10699.247795414462
6310656,7776.3015873015875
6310662,8619.411816578482
6310671,8438.480599647268
6310682,8617.40343915344
6310689,8411.464336589339
6310690,8442.614197530866
6310691,8687.902557319225
6310692,8943.263668430338
6310696,8714.119488536158
6310697,8172.523148148149
6310706,13189.898248356581
6310709,8856.443121693123
6310712,9551.601309184643
6310715,9033.066418149752
6310720,9520.055555555555
6310730,8950.518959435629
6310735,10265.33491662658
6310737,10552.692901234568
6310756,13474.753787878786
6310758,13636.451719576718
6310785,7042.557319223988
6310787,7479.3082010582
6310788,8467.69356261023
6310789,7056.3979276895925
6310791,8632.80004409171
6310794,8099.729255312592
6310797,9560.777898027896
6310805,7696.513227513226
6310806,7524.651455026455
6310810,7294.752425044092
6310811,8201.909510242845
6310813,8111.8488841405515
6310814,7744.688351771686
6310815,9740.11313532147
6310817,8134.802509219175
6310821,6879.651014109347
6310823,7314.138447971782
6310825,9486.48388648389
6310827,10812.423841590507
6310831,10152.62305595639
6310834,9827.205687830688
6310835,9687.502906044572
6310840,10326.421356421357
6310841,9481.782407407403
6310845,9660.003968253968
6310849,10011.428130511464
6310880,11018.736592111596
6310891,8679.195767195768
6310892,9987.008878467213
6310893,9824.982363315698
6310895,9599.107643899313
6310897,9515.37323633157
6310898,9729.32148869649
6310901,10537.798821548822
6310902,8900.189153439154
6310904,11353.615520282186
6310907,11215.821869488536
6310908,10926.466269841272
6310911,11579.7594997595
6310927,9097.957070707072
6310928,9390.003367003368
6310933,12648.486431778098
6310936,9122.011463844801
6310940,12125.934984768319
6310946,11074.417267917268
6310948,10478.736872695205
6310949,12617.520723104059
6310953,11654.692039442036
6310959,11343.769841269843
6310962,10041.470518678852
6310964,9608.553190636525
6310965,10068.861832611834
6310969,10561.85185185185
6310970,9651.865580407248
6310976,8735.833333333332
6310979,9190.578703703706
6310980,9642.421737213404
6310981,11627.101631393298
6310983,10291.157848324512
6310986,10637.384359467695
6310988,10805.080968414302
6310991,11042.819063652398
6311001,12851.385882635885
6311005,11625.240961199295
6311019,10639.251723585057
6311028,12676.139369889366
6311047,6050.230319063653
6311050,10742.05224867725
6311055,12889.782848324516
6311056,14537.835097001765
6311057,14567.508818342154
6311065,13327.903439153435
6311073,13295.600769600771
6311078,13420.179673721339
6311079,13579.514550264546
6311083,12796.417969376304
6311088,14855.661375661373
6311100,15750.945767195768
6311102,13399.784752284753
6311106,14879.279220779217
6311115,6248.187830687831
6311122,5839.216209716209
6311123,5931.996192079524
6311143,25293.786075036067
6311191,15406.622574955905
6311195,10886.037117203785
6311198,12463.161375661375
6311201,11042.634479717812
6311230,11530.742504409172
6311231,11065.21097883598
6311232,11699.516534391534
6311244,12072.207892416227
6311253,12541.333072791407
6311260,11916.869809203145
6311267,12555.954986371657
6311270,12493.083513708516
6311273,13149.077380952382
6311275,12774.151555234885
6311278,11902.420634920636
6311279,11727.169312169312
6311281,11285.093915343916
6311284,12081.459355459358
6311288,11827.848324514993
6311289,11416.887345679013
6311292,11889.402557319227
6311293,11474.228615520284
6311295,11214.431657848325
6311304,11771.784435626103
6311307,11682.488977072311
6311308,12355.809227192562
6311310,12365.621913580244
6311314,12363.135141093473
6311317,11819.869729036396
6311318,12809.738756613755
6311325,12132.612433862436
6311326,12359.085978835981
6311329,11948.445767195768
6311331,11972.65211640212
6311332,11961.316137566138
6311333,11975.800264550267
6311334,11902.281746031747
6311335,11950.112433862436
6311337,11981.593915343916
6311338,12102.797619047622
6311339,12510.471781305117
6311343,12296.361431778101
6311345,12649.864197530864
6311349,12793.270282186948
6311355,12157.39417989418
6311364,14743.904721821393
6311375,11590.983245149915
6311376,13807.971781305121
6311402,14415.057319223984
6311403,11312.376543209873
6311408,13854.464686548026
6311413,14832.154822029825
6311416,13322.506613756615
6311423,13773.694003527336
6311436,13885.457651915985
6311444,14399.479717813058
6311449,12797.802208593876
6311451,13842.7733686067
6311453,14966.172839506178
6311458,14570.08156966491
6311464,15023.525132275136
6311465,16120.757495590833
6311470,15131.884920634928
6311474,15153.289241622577
6311476,14552.358906525575
6311477,16680.381393298056
6311486,15361.677088343755
6311488,17240.268959435627
6311489,15312.398589065257
6311490,15192.47795414462
6311492,15467.582892416229
6311493,15176.884920634922
6311496,14527.172619047618
6311498,14560.143257976597
6311505,14517.246432579766
6311506,13466.071829405166
6311511,14576.776895943563
6311524,13983.665123456789
6311525,13917.404541446207
6311527,14334.422398589066
6311528,14318.774250440918
6311529,14516.103395061726
6311532,11700.667989417989
6311538,12643.970258136924
6311540,13303.150853775856
6311541,13575.806277056276
6311542,13327.5952982203
6311550,13548.623236331568
6311552,13487.324735449736
6311553,13880.739037197372
6311555,13583.794592752925
6311559,14547.8139329806
6311560,12885.906525573197
6311564,14695.701058201059
6311581,11140.194444444447
6311588,10770.01278659612
6311589,10767.142416225748
6311621,11411.366382074715
6311623,11021.560846560842
6311627,11089.763608305275
6311636,11209.471119929452
6311637,11751.270061728392
6311638,11734.973765432098
6311639,10745.23544973545
6311640,11454.777116402116
6311646,10666.732804232804
6311653,11241.560846560844
6311654,11238.138127304792
6311655,11217.001763668428
6311656,11824.233024691355
6311657,11879.695987654317
6311661,11097.34986772487
6311672,11237.294532627864
6311681,11074.2791005291
6311684,11018.14417989418
6311685,11312.94532627866
6311687,12410.641033349368
6311695,11246.000881834218
6311706,13537.218614718613
6311708,12815.954585537917
6311709,15048.466209716207
6311713,13280.399691358023
6311732,12081.458774250441
6311775,10908.648989898993
6311790,13500.898268398267
6311798,26052.651234567904
6311799,26847.16446208112
6311800,29107.848244348235
6311804,32178.055555555566
6311805,31796.590307840313
6311806,34076.86111111112
6311807,36020.05591630592
6311808,30106.656445406443
6311809,12287.550705467374
6311811,13829.462682379344
6311814,12542.656525573191
6311820,11327.485670194
6311832,11312.022707231043
6311833,13632.484567901236
6311834,13704.027777777781
6311835,13679.530423280426
6311839,12387.709235209235
6311841,15296.157206990536
6311858,11127.424157632493
6311904,10870.29431216931
6311905,12821.997354497355
6311908,13911.428571428572
6311910,12700.367724867727
6311919,12435.994268077598
6311920,12519.028795278798
6311922,12416.883862433864
6311923,12347.422839506175
6311924,12323.548324514994
6311926,12765.487213403881
6311928,12270.517019400357
6311929,12034.357363315698
6311930,11970.190696649031
6311938,12961.994047619048
6311939,12988.382936507936
6311944,11733.263888888889
6311945,11753.263888888889
6311946,14264.121387871388
6311947,13704.877645502645
6311949,13294.976851851852
6311951,13757.092151675484
6311955,13833.829761904764
6311956,14180.10582010582
6311960,13716.494708994715
6311961,11223.518959435627
6311962,13705.383597883603
6311963,13775.002204585538
6311969,14294.79387125221
6311970,13637.42063492064
6311973,13887.250881834218
6311974,14180.547839506178
6311976,13745.753968253975
6311977,14388.985890652562
6311981,14756.598324514995
6311982,12077.593474426809
6311990,14856.054894179895
6311992,15752.956549623215
6311994,14859.316578483245
6311995,14859.316578483245
6311998,15032.06459435626
6312008,14123.624338624333
6312015,14665.412257495587
6312021,14581.683702100368
6312022,14755.535113035112
6312023,14581.683702100368
6312026,14581.683702100368
6312027,14629.188712522044
6312029,15154.603896103898
6312032,16080.50264550265
6312033,15638.661816578482
6312044,15034.025793650793
6312050,15635.842151675488
6312052,16054.854497354498
6312056,16730.29761904762
6312063,16237.535273368605
6312067,16453.626543209866
6312068,16656.360229276896
6312076,16090.3020282187
6312083,12241.608846400513
6312090,12311.420354337022
6312091,12227.719957511623
6312093,14010.339506172833
6312094,14108.48324514991
6312095,13969.880952380949
6312104,11283.126503126503
6312113,12074.916225749559
6312117,12350.176366843032
6312120,11094.94945486612
6312133,11341.38949013949
6312135,11801.668871252205
6312139,12273.49967933301
6312155,11757.034110950777
6312159,11201.46841430175
6312164,11607.725468975468
6312165,11693.142135642136
6312166,11623.69769119769
6312175,12282.134599967929
6312177,11114.812610229277
6312179,13801.673280423276
6312180,15581.80335097002
6312191,13736.798941798937
6312194,15010.348324514991
6312195,12204.001984126984
6312198,13369.993386243385
6312200,13629.883156966487
6312203,14717.645502645499
6312205,14339.380110630109
6312206,14339.380110630109
6312215,14533.996512746511
6312216,13339.338624338621
6312222,14470.907888407888
6312223,14018.035714285712
6312225,13969.199735449733
6312229,14574.667107583777
6312231,13586.152597402592
6312232,13435.496031746028
6312233,14065.257936507935
6312234,14846.254409171075
6312250,13599.25925925926
6312251,13715.877425044093
6312253,14056.744929453262
6312255,13750.648148148148
6312258,13613.679453262788
6312264,13411.108305274975
6312277,13654.126984126984
6312282,13936.823192239857
6312289,17468.967151675486
6312294,15318.397266313932
6312295,15590.996472663137
6312308,14122.493386243392
6312310,14490.897266313932
6312311,14854.301747635081
6312315,14339.874338624344
6312320,16038.97486772487
6312328,13315.090388007056
6312332,16304.459876543213
6312335,13315.090388007056
6312337,15949.369488536155
6312358,5969.792267917267
6312359,6099.629569504569
6312365,5954.381112714445
6312368,5918.05174763508
6312377,6996.097382555716
6312385,8533.759740259738
6312416,6919.211640211641
6312420,8109.988095238096
6312421,12576.787918871252
6312464,10287.184042809042
6312470,10447.7848324515
6312477,10262.662477954145
6312482,11131.719797178126
6312491,14335.586419753092
6312498,17531.98192239859
6312511,22084.08950617284
6312516,18051.977112393783
6312517,15598.558201058202
6312522,18991.633597883596
6312714,10784.65219656886
6312721,13094.218253968254
6312722,13094.218253968254
6312763,17267.877865961196
6312769,13410.784832451498
6312779,13663.686728395067
6312780,12870.294312169312
6312787,14751.395502645504
6312789,14742.070105820105
6312790,14519.58435083435
6312791,14650.450752950752
6312800,16041.994348244349
6312801,15776.532186948858
6312843,15425.872615039276
6312863,16194.424603174604
6312864,15237.017195767192
6312871,16557.308201058204
6312873,16589.228395061735
6312954,21937.79320987654
6312998,13103.811728395063
6313001,19820.780423280426
6313008,8273.85582010582
6313009,12004.82319223986
6313020,10132.318783068784
6313021,11556.343694885361
6313031,8866.38848188848
6313033,9292.113756613755
6313042,11458.674603174604
6313045,12549.32760141093
6313066,16946.88712522046
6313068,15091.483686067018
6313079,20665.57098765432
6313085,21606.87670354337
6313238,10634.767356100689
6314781,7496.877035002034
6314786,12215.715388007053
6314791,15871.455026455027
6314796,16797.647707231044
6314797,11643.379529421198
6314798,15001.690917107584
6314803,15706.214726631395
6314804,13707.221119929452
6314809,13624.135802469133
6314817,15047.524250440918
6314820,13889.82142857143
6314821,19886.61155202822
6314823,10782.211199294532
6314829,14461.307098765434
6314837,14172.846119929454
6314846,21102.19797178131
6314854,15194.447751322754
6314861,21201.694123777448
6314876,14082.626543209877
6314877,16086.269600769605
6314878,16770.051006092675
6314879,17285.109126984124
6314880,15273.263227513231
6314886,15029.229617604618
6314889,17634.102032227034
6314893,22925.401835818502
6314907,29169.742063492067
6314930,7903.253086419754
6314936,8358.136955636957
6314937,7878.537918871252
6314941,23939.59656084656
6314943,21804.846781305114
6314948,23398.695486612152
6314954,9113.670194003531
6314957,8831.83390529224
6314958,8526.365720699056
6314959,8631.67049462883
6314960,8899.408409491743
6314962,10311.334255250922
6314963,10402.699371616036
6314964,11088.166265832933
6314971,8360.486030944365
6314973,10194.9332010582
6314981,8703.882555715889
6314986,7215.023199023198
6314992,9947.539682539682
6314994,9405.027156485488
6315000,10502.9155643739
6315003,9773.99647266314
6315010,12293.111308444639
6315013,7465.685846560847
6315014,42049.31176847844
6315018,10530.071869488535
6315019,10522.201499118162
6315054,17745.62830687831
6315056,18124.24603174603
6315067,7239.816137566137
6315096,9157.553511303511
6315099,8462.647386564053
6315115,25226.524370691037
6315116,31196.742424242435
6315117,25226.524370691037
6315141,29697.528659611988
6315153,8362.856091439426
6315155,7045.54012345679
6315156,7368.6296296296305
6315168,9910.63291646625
6315169,9028.044091710759
6315170,7839.196428571429
6315174,7456.92668751002
6315177,7788.982082732084
6315179,60835.007816257814
6315195,16866.83862433862
6315240,8919.399911816578
6315246,10485.453042328043
6315248,10415.39528218695
6315250,10428.200857784193
6315252,9650.189594356263
6315258,9546.254409171079
6315263,10148.85471781305
6315264,14166.185880477547
6315269,10873.902116402114
6315274,11021.646825396825
6315280,8789.364197530862
6315282,10535.121472663137
6315283,10837.083293249963
6315285,11329.999999999998
6315289,17290.35052910053
6315290,17290.35052910053
6315311,10644.389329805996
6315313,11014.309523809521
6315319,11357.325396825396
6315325,57241.74162257496
6315327,47115.559764309764
6315329,65895.2094356261
6315339,32029.129188712526
6315343,42501.52136443803
6315350,14120.180114638448
6315367,13382.509018759018
6315373,14866.637566137564
6315438,14822.144861311524
6315448,14634.413580246914
6315459,12835.225348725351
6315462,19977.160493827156
6315463,29539.99007936508
6315493,23385.550705467373
6315499,16222.537477954143
6315500,22997.547619047622
6315501,14856.84082892416
6315502,16222.537477954143
6315503,16222.537477954143
6315504,16222.537477954143
6315505,16222.537477954143
6315506,16222.537477954143
6315507,16075.414462081126
6315514,15497.180335097002
6315516,16007.522045855378
6315523,64384.10473785473
6315525,25869.57785270286
6315543,23625.7557319224
6315553,21710.586419753083
6315575,36953.161936828605
6315630,57292.25781625782
6315683,29793.514440035276
6315742,39862.45951579285
6316074,20006.256613756614
6316079,19305.182980599646
6316091,19252.2905643739
6316100,25008.018077601413
6316111,24265.1221340388
6316117,26746.63029100529
6316119,29403.278218694868
6316128,27810.830908289245
6316142,22710.826719576722
6316145,29274.58884479718
6316150,28736.133758217085
6316162,22687.816458233126
6316168,25719.003527336863
6316870,16814.44841269841
6316946,23439.078282828275
6317080,19980.610670194
6317114,18881.695326278652
6317143,21767.131834215168
6317146,60964.20604858104
6317148,52440.71488696489
6317160,24307.13924963925
6317169,36700.67460317461
6317189,12265.093694885361
6317190,15082.926587301588
6317191,15433.37852733686
6317192,15099.593253968254
6317194,11614.675925925927
6317195,12162.96737213404
6317196,10957.965828924163
6317204,13028.267195767192
6317205,12989.02116402116
6317206,12989.02116402116
6317225,19435.022045855378
6317684,21644.656084656086
6317685,21811.322751322754
6317687,26466.447450697447
6317699,46092.75759734093
6317841,17414.634038800705
6317847,18747.196368446363
6317854,20045.23148148148
6317864,20400.42989417989
6317866,21214.980158730163
6317874,27530.56314827149
6317896,19859.12918871252
6317897,20086.38888888889
6317899,20024.036596119928
6317902,19301.688712522042
6317911,20753.690476190473
6317912,26399.316778900105
6317914,21051.73941798942
6317915,21629.609788359787
6317918,20955.267857142862
6317930,19387.43626743627
6317974,35263.517019400344
6317979,38719.35696649029
6318121,8040.557760141092
6318127,7889.727553310883
6318142,11572.391350008016
6318276,13043.322140822138
6318283,22891.763067179738
6318293,79700.24611191278
6318297,20211.642616642617
6318298,20872.810846560846
6318299,20906.699735449736
6318313,67480.48059964726
6318359,48224.17768959436
6318367,48406.22134038801
6318368,49222.605820105826
6318405,66959.32239057237
6318481,67092.19576719576
6318506,33398.934303350965
6318518,85730.39153439156
6318661,32583.072791406128
6318689,14845.897266313932
6318751,12961.93121693122
6318754,12761.832010582011
6318759,12546.599527016191
6318760,12659.682539682537
6318761,12831.06829127662
6318762,12872.175925925925
6318763,12659.682539682537
6318774,21414.119929453263
6318823,78708.48544973547
6318825,78362.15388007056
6318847,37598.47464726631
6318979,16168.09479717813
6318980,9951.873456790125
6318985,33171.98332531665
6318989,41458.24404761905
6318992,11166.07561728395
6319010,31414.359868526524
6319020,26378.34528126195
6319049,85482.7798127798
6319590,12700.405643738977
6319593,20878.440155523494
6319598,20953.83818342152
6319600,20701.719576719577
6319603,24414.605379188706
6319609,24229.650873817536
6319631,16039.237213403881
6319645,25604.55823497491
6319646,26082.27207977208
6319689,53500.97001763668
6319694,38218.6221340388
6319699,51201.73500881836
6319717,52459.53924162257
6319746,55075.370370370365
6319754,37676.475669392334
6319756,37676.475669392334
6319759,44215.86331569665
6319765,53208.940035273365
6319800,86689.56332247998
6319805,76504.02557319224
6319806,77022.34247234247
6319827,75839.66931216932
6319832,66698.81633798301
6319840,56296.77248677248
6319841,39550.68783068783
6319863,73188.00645342312
6319879,18122.65392015392
6319891,20248.589065255735
6319893,24417.175925925927
6319895,20438.403880070546
6319904,30101.829605579598
6319938,38610.4684744268
6319947,21828.626984126986
6319962,92536.69312169313
6319968,33763.82054673722
6319985,38423.0996472663
6319995,47507.24559082893
6320001,63988.46560846561
6320015,65821.13075196408
6320019,64114.4819223986
6320021,66407.4962321629
6320026,87073.4413580247
6320028,76840.49603174602
6320033,73085.00881834215
6320040,22073.221408221405
6320042,35093.20105820107
6320058,46140.747354497355
6320059,61241.949655282995
6320099,81081.36604136603
6320114,31981.56946448613
6320130,37366.020723104055
6320152,78976.19708994708
6320176,42368.66402116402
6320177,83531.22546897545
6320186,59285.90167548501
6320191,62018.88183421517
6320244,34598.33152958153
6320288,23528.855820105826
6320298,21203.33112874779
6320328,50794.24162257495
6320344,55121.16622574954
6320364,28302.449294532627
6320367,31091.39209555877
6320381,41417.011565594905
6320388,60350.27116402116
6320393,63773.90211640213
6320397,73672.99623216291
6320398,73912.28194644862
6320403,65731.59832451498
6320405,67045.54232804233
6320412,80019.8721340388
6320415,73160.49987049986
6320421,79770.34611992944
6320423,79999.5127865961
6320426,25549.023368606708
6320434,22286.339285714286
6320446,9833.428130511462
6320456,11563.312389770723
6320464,11169.993412451746
6320472,21980.597442680777
6320479,80039.94047619047
6320512,40454.39913173247
6320593,65803.08922558921
6320627,28550.710076960077
6320629,28550.710076960077
6320642,25500.529100529093
6320719,102336.81577681578
6320740,60105.616482283156
6320741,87086.8121693122
6320743,86703.25837742505
6320757,86282.04585537918
6320772,60233.36860670195
6320779,84176.82980599649
6320780,77255.75396825396
6320781,84176.82980599649
6320807,18152.112193362194
6320809,18252.11219336219
6320810,18203.038119288118
6320840,86874.99118165785
6320863,11818.104096520761
6320867,14869.9537037037
6320888,51309.757094757115
6320895,61379.83285233285
6321450,7132.581068622738
6321460,15055.026455026456
6321461,14351.46869488536
6321465,22042.935185185182
6321510,8360.936507936505
6321514,11631.128306878305
6321520,13333.854463437798
6321523,14536.857363315696
6321524,14641.559744268076
6321530,15829.497354497355
6321531,15691.534391534391
6321540,15509.047619047618
6321558,9505.939073272406
6321590,13667.757936507936
6321591,12846.997354497355
6321649,12799.54144620811
6321660,13350.168650793652
6321669,15022.848324514993
6321677,12152.116622574953
6321712,13368.421516754854
6324333,25093.94761103094
6324372,18130.771665063334
6324462,39088.04012345678
6324725,13872.267416225748
6324756,7196.717372134038
6324761,12726.916005291007
6324762,12640.598765432103
6324768,11368.131922398585
6324776,13586.4274691358
6324784,7307.241622574956
6324785,7307.241622574956
6324789,6856.424823633157
6324792,7157.830286996954
6324795,7906.510582010581
6324797,6263.303130511462
6324804,8878.348324514993
6324810,8863.24104136604
6327472,9628.399671316338
6327483,9496.362634279301
6327549,11595.515071348407
6327580,11937.490179573515
6327595,14559.419839419836
6327602,14903.50213058546
6327606,13877.91370049703
6327617,13983.531593714926
6327680,13633.90211640212
6327686,11380.127264710598
6327690,11780.23617123617
6327692,11999.217652717653
6327693,11725.919312169312
6327694,11248.268799102132
6327696,11407.111391694725
6327698,11898.361992945325
6327704,12651.47486772487
6327706,11489.981762065094
6327714,15311.345438512102
6327716,15290.71051787718
6327717,16274.084535834532
6327724,16946.137566137564
6327726,15193.673480840143
6327735,15959.465929132593
6327738,15884.380711880713
6327743,19625.539121372458
6327747,10882.814814814814
6327776,19608.842592592588
6327779,26988.197530864207
6327791,12303.612583404249
6327849,20286.93315018315
6327851,24519.279902196562
6327853,16114.016975308641
6327857,24577.72126022126
6327862,23955.05952380952
6327865,28330.231922398594
6327876,31286.636684303357
6327877,28996.570987654326
6327880,28777.80114638449
6327892,35840.24903799904
6327896,32705.171957671962
6327897,35615.825837742515
6327970,12121.615961199293
6327972,9212.917107583773
6327973,9589.59804393138
6327974,9427.00012025012
6327978,11433.686507936507
6327994,9939.041005291007
6328014,11790.036596119926
6328019,11791.792328042326
6328021,11698.949013949012
6328030,15366.776895943562
6328047,13828.643298059964
6328049,12378.036731786731
6328065,14209.48963844797
6328073,15257.010582010582
6328080,14166.349206349207
6328086,13246.298500881832
6328101,16475.626102292772
6328118,15832.72306397306
6328124,11858.236331569668
6328134,12840.634920634919
6328135,11281.553972262305
6328143,13320.296516754848
6328147,12706.793430335098
6328149,12080.498236331574
6328155,13991.15840949174
6328164,15132.30589626423
6328165,12180.023148148148
6328166,13170.863776655444
6328184,16259.228395061731
6328190,10806.233906525575
6328196,10358.910934744268
6328199,7233.083814333817
6328246,16763.117183742183
6328247,12624.755952380952
6328444,17892.272927689595
6328445,16753.957892416227
6330773,10738.7857343274
6330775,11327.796516754852
6330777,11508.544532627868
6330778,12106.54651675485
6330779,12281.9389329806
6330781,15005.112433862436
6330782,11030.844356261025
6331083,10212.083333333334
6331369,17029.152557319227
6331370,15558.317460317463
6331394,12741.693121693117
6331395,19887.22001763669
6331579,12363.287037037036
6332314,15514.184102934103
6332444,15996.96428571428
6332987,11123.00771604938
6333200,17126.527777777774
6333220,26361.329365079364
6333226,27172.705026455027
6333251,13498.13522126022
6333274,10979.001322751325
6333277,10776.361231361234
6333291,10778.175404842072
6333293,10827.123817540483
6333301,10635.17937309604
6346261,12784.149029982364
6346287,16844.790564373896
6346293,17421.902116402114
6346294,62518.30026455026
6346295,72120.12125220457
6346297,7121.244708994709
6346300,12510.451499118168
6346301,18697.409171075837
6346303,36175.5291005291
6346304,25504.830246913578
6346305,74528.34656084659
6346306,74528.34656084659
6346308,21467.192460317463
6346309,16473.77753727754
6346311,18236.089065255732
6346313,18754.670414462078
6346314,21501.16802950137
6346315,24498.012866762867
6346320,15639.293430335101
6346321,86408.02148468814
6346326,37071.12433862434
6346327,31996.829805996476
6346328,29383.94131794132
6346329,13941.676587301587
6346330,30227.883998717338
6346331,26355.46296296297
6346335,91332.81084656087
6346338,21012.316418149756
6346339,60851.38227513227
6346340,62726.71957671958
6346342,23634.69977553311
6346343,22941.490299823632
6346347,38942.35109026776
6346352,53417.11199294533
6346353,71141.19708994708
6346354,71887.31261022926
6346355,75591.85846560846
6346357,95076.07804232805
6346358,92765.26414943083
6346359,110862.61596119929
6346361,66882.44468494468
6346364,26596.217893217887
6346366,43746.56525573192
6346367,43226.401438068104
6346368,36892.021604938265
6346369,22319.340828924156
6346378,24253.73897707231
6346379,24272.700617283946
6346380,37761.68470418472
6346381,38271.763668430336
6346384,19019.780423280426
6346386,48954.684744268074
6346387,93287.20390412059
6346388,63227.28876062208
6346389,41381.56705948373
6346390,45681.567059483714
6346391,19762.9009339426
6346393,24988.388447971785
6346394,24962.343474426812
6346395,24700.992063492067
6346396,25311.85074955908
6346397,32619.47089947089
6346398,27563.01256613756
6346399,24962.343474426812
6346402,44698.20987654322
6346403,24793.38998963999
6346404,24793.38998963999
6346405,24793.38998963999
6346406,24793.38998963999
6346407,36156.095679012345
6346410,67884.99999999999
6346411,63983.03791887124
6346413,48034.80511463845
6346414,18144.981040564373
6346415,19698.399470899465
6346417,42548.51410934744
6346418,42518.64638447972
6346420,31641.910273368605
6346421,35116.636904761916
6346426,20767.574735449736
6346427,47944.21095879429
6346428,54263.30928330928
6346429,37985.20899470899
6346430,19955.070446528778
6346431,37585.299823633155
6346435,17601.34126984127
6346437,15878.288359788357
6346438,19099.22839506173
6346439,34938.380230880226
6346440,45830.25793650792
6346442,39586.0405643739
6346443,18646.805555555555
6346445,25040.9532627866
6346446,25719.808201058204
6346447,28508.18342151676
6346448,25638.32231040565
6346449,25175.278779862114
6346450,34470.75066137567
6346451,34589.23500881833
6346452,43642.943121693126
6346455,23126.817680776014
6346459,31587.44047619048
6346463,33697.57756132757
6346465,10655.21494708995
6346466,39542.38095238095
6346467,55307.92328042328
6346468,23963.231922398594
6346469,28445.231481481478
6346473,12264.695767195766
6346474,12369.15343915344
6346475,12264.695767195766
6346476,12264.695767195766
6346478,12268.0291005291
6346479,14827.215608465613
6346481,63372.76675485008
6346482,60105.17977392977
6346485,47031.11552028219
6346486,45556.37125220459
6346487,36825.23589065256
6346488,35958.048941798945
6346489,47031.11552028219
6346490,55171.964285714275
6346491,66104.24735449735
6346492,27570.551587301587
6346493,36233.624338624344
6346494,45607.23484848483
6346495,63687.630070546744
6346505,60758.34435626102
6346512,29760.553350970014
6346513,35739.30776014109
6346516,23458.730158730163
6346517,31127.178130511467
6346519,30044.193121693133
6346520,66092.34567901232
6346524,104180.98043931377
6346526,72632.26190476192
6346528,31415.100308641977
6346529,34899.36568061568
6346531,36049.29232804232
6346542,40110.02248677249
6346543,45159.2328042328
6346553,11684.77447089947
6346556,100312.21320346316
6346560,75703.65520282187
6346562,84187.26631393297
6346564,98281.34700176364
6346565,43142.42524450859
6346566,45293.04413179412
6346567,14645.800565175565
6346568,35928.27380952381
6346577,72327.24603174604
6346588,21794.108024691363
6346594,36641.48047939714
6346599,37023.258886175565
6346600,27323.551587301587
6346602,16523.778218694886
6346603,24981.210317460314
6346604,47568.97707231041
6346605,26178.419312169313
6346607,37797.79894179894
6346608,37842.20370370371
6346610,38233.928571428565
6346611,37131.375661375656
6346612,59250.42768959435
6346613,81822.65592432258
6346614,54230.88323713324
6346615,17896.387125220455
6346616,18180.681657848327
6346623,11081.756613756614
6346624,21100.641534391532
6346625,21100.641534391532
6346626,21100.641534391532
6346627,25580.46296296296
6346628,23768.831569664904
6346629,29379.32319223986
6346630,19421.507936507936
6346631,18067.168911335575
6346632,28131.16622574956
6346639,18863.923229548225
6346640,18863.923229548225
6346641,20362.13624338624
6346642,20936.126543209873
6346643,22094.86331569665
6346644,23940.357142857145
6346645,33266.004689754685
6346646,39722.95634920635
6346648,30478.73757415424
6346649,38949.91402116402
6346651,21011.827801827803
6346652,21011.827801827803
6346653,24393.866442199775
6346675,12825.019079685746
6346847,32378.85421677088
6346848,30707.418430335096
6346849,52177.05026455027
6346851,63660.01322751323
6346904,16382.675765592434
6346906,15348.398869648865
6346911,21834.874338624333
6346922,20786.651234567904
6346925,52425.963403880065
6346927,64279.96031746031
6346928,64585.19841269842
6346932,62508.80996472663
6346936,40808.6574074074
6346937,40114.3798300465
6346938,39069.585738335736
6346939,46867.62546095879
6346940,71386.64021164023
6346942,59850.70767195767
6346945,28179.49779541447
6346947,32967.834656084655
6346949,16461.702340869004
6346950,11082.266313932982
6346952,47692.79922238257
6346953,16089.646604938269
6346956,59637.96296296296
6346957,22045.02679419346
6346958,15786.563492063495
6346960,57931.56084656084
6346961,24069.672619047615
6346967,38216.19047619049
6346968,68548.04012345678
6346969,42239.50617283951
6346970,22314.646975308642
6346971,30195.21133958633
6346973,23909.04100529101
6346974,39276.210517877174
6346975,32843.45458553792
6346976,36834.51719576719
6346977,43815.09479717813
6346978,36407.83509700177
6346979,76108.97927689597
6346980,61770.745149911825
6346981,34237.49338624339
6346982,70890.93755010421
6346983,89737.06930415264
6346984,89931.5507486341
6346985,88224.6097883598
6346986,32859.80499438832
6346987,47162.42724867726
6346988,40542.92929292929
6346989,82505.9237213404
6347014,16821.922158088822
6347022,24072.757936507933
6347023,37260.765873015866
6347024,77750.18518518518
6347029,11417.85052910053
6347030,10783.816137566138
6347031,11323.843694885361
6347032,12792.150573192237
6347033,12485.283289241623
6347034,14722.050264550267
6347035,14300.20282186949
6347036,14176.139770723106
6347037,18980.0639329806
6347038,9030.017195767196
6347039,8961.71669071669
6347041,12185.834435626099
6347042,12789.495828245828
6347044,11589.24823633157
6347045,11766.311728395061
6347046,11589.24823633157
6347047,11474.278900112233
6347048,11687.5
6347049,11687.5
6347050,11687.5
6347051,13759.739858906525
6347052,11252.59279300946
6347053,11252.59279300946
6347054,11426.172398589066
6347055,12994.53659611993
6347056,12689.081790123455
6347057,13098.328924162259
6347058,11056.16402116402
6347059,11670.351410934745
6347060,11765.5114638448
6347061,15110.195767195768
6347062,13950.281084656082
6347063,13963.582451499122
6347064,9640.248236331568
6347068,10268.166987333654
6347070,15605.801948051949
6347071,18031.750440917105
6347072,13715.153539361874
6347092,11466.051807760141
6347095,13873.858225108228
6347096,24295.5629717813
6347128,7144.702781786116
6347148,26176.95105820106
6347149,71709.27028218693
6347152,88133.76322751322
6347153,33037.903439153444
6347154,71879.79196729195
6347155,86608.99001924001
6347156,85085.29330484332
6347157,87633.09082892418
6347181,8756.797178130511
6347521,32178.180415263734
6347540,12877.819444444447
6347541,19233.352169312166
6347542,24041.576719576722
6347544,13476.684303350969
6347592,9548.107804232803
6347605,10181.228835978834
6347621,17628.091931216924
6347637,12236.768478435144
6434744,7699.083333333335
6434751,57577.76895943561
6434752,41726.741622574955
6434763,28506.376102292772
6434765,25435.277777777774
6434767,33382.08022687189
6434768,45005.038800705464
6434769,44872.851851851854
6434773,66036.82980599647
6434809,12519.702380952383
6434822,33557.11552028219
6434843,11808.367283950616
6434849,15733.622134038804
6434855,16127.223164181494
6434856,18049.29012345679
6434864,33191.294091710755
6434866,12912.777777777777
6434869,20312.643298059967
6434870,24921.084656084655
6434873,27790.33249158249
6434877,25610.0
6434879,25822.552910052906
6434882,27375.36375661376
6434889,29879.800986050996
6434896,29687.920474587147
6434901,29974.391534391536
6434947,20179.587742504416
6434951,14693.416225749559
6434977,61241.108104858125
6434978,20028.292328042324
6434987,58695.48500881832
6434994,44588.61111111111
6434996,41436.340388007055
6435012,25290.817901234568
6435014,15314.053230719897
6435018,13283.033509700177
6435025,14653.427629469295
6435026,12778.020282186948
6435038,78290.88383838384
6435039,72112.91446208114
6435041,67830.95238095238
6435052,110963.1040564374
6435053,109356.65143498474
6435067,17253.242744909414
6435082,31014.42019400353
6435085,31383.25837742504
6435087,22332.24206349206
6435110,47965.44973544973
6435117,29032.01851851852
6435118,29656.765792849128
6435124,55907.92328042328
6435131,16685.274410774415
6435164,38055.806878306874
6435167,57173.16798941798
6435174,30582.70624128957
6435175,30595.703262786592
6435176,29678.048059964724
6435188,23622.561728395056
6435196,18594.30154721822
6435207,20837.89021164021
6435213,62536.77116402116
6435228,9318.936067019398
6435256,43549.10714285714
6435299,16784.72863556197
6435310,45837.22683181016
6435312,41208.79850088183
6435313,42889.99559082893
6435314,43445.16093474427
6435321,59948.42392175725
6435337,23692.613636363632
6435344,41366.559243225915
6435345,14670.519841269846
6435353,25871.277010027003
6435358,21493.990299823636
6435361,42745.445326278656
6435365,17370.267857142855
6435368,26618.381834215168
6435376,21038.64638447972
6435384,47877.55731922398
6435394,58937.03142536475
6435397,17775.223665223668
6435399,15925.621548821548
6435402,25187.969576719574
6435421,65783.01647426646
6435426,66586.85626102293
6435432,21793.04453262787
6435449,12276.239417989418
6435454,62456.45382395382
6435472,14254.265873015871
6435473,15735.931036556034
6435483,60691.70935545936
6435496,22965.38580246914
6435502,35951.98352573353
6435536,72283.55158730158
6435541,53270.26234567901
6435543,20452.74911816579
6435551,53861.56746031746
6435552,114451.11992945326
6435559,54882.22001763669
6435579,31172.33465608465
6435585,70802.65211640213
6435589,31896.67989417989
6435590,34431.5873015873
6435592,63147.53707712041
6435599,67986.7041446208
6435607,12375.347222222223
6435617,93172.4603174603
6435637,84025.40784832451
6435652,78761.99681738013
6435662,84139.72222222222
6435665,88795.81128747795
6435669,102354.92704826039
6435672,17865.144179894174
6435673,67522.2905643739
6435695,82519.28571428571
6435754,29680.373977873976
6435755,30134.294532627864
6435768,93960.9413580247
6435771,85299.73324514992
6435777,30741.47927689595
6435808,12970.863756613757
6435813,91838.58686067018
6435814,16407.266714766716
6435818,60288.9947089947
6435820,68872.44929453263
6435821,99654.78775853777
6435836,71907.20017636684
6435838,63533.54497354497
6435849,70670.42227833896
6435858,30559.462081128753
6435860,13881.779100529095
6435866,23145.88601213601
6435868,24688.053350970014
6435870,85402.8311287478
6435878,113013.7676366843
6435883,91652.66093474424
6435885,19634.08687762855
6435890,27998.66402116402
6435891,26731.560846560842
6435893,28683.015873015862
6435894,21759.559082892414
6435896,41318.17981401315
6435902,89207.97919672921
6435903,33232.91754850088
6435905,22262.579365079364
6435927,29433.57583774251
6435929,29972.102974186306
6435937,37742.839506172844
6435939,38935.925925925934
6435945,20413.505291005287
6435959,65431.728395061735
6435960,64302.36882716049
6435970,32480.767195767192
6435972,31431.666666666668
6435990,87500.2447089947
6435998,93893.6379669713
6436005,12529.362073112075
6436012,41427.53527336861
6436013,38939.14902998236
6436017,89937.7350889851
6436022,92749.77613435946
6436026,92132.98280423282
6436051,45804.621091871086
6436059,15004.632054673724
6436060,15629.845097803433
6436067,95040.78843995507
6436070,96480.03667628668
6436071,95232.72847522845
6436074,22279.757094757093
6436084,91383.4443642777
6436086,91503.84559884561
6436087,92255.42849126183
6436088,50318.686067019415
6436089,95041.51675485008
6436093,14271.105599647271
6436096,62288.129509379505
6436107,90086.57447490783
6436108,92036.73981882319
6436109,91330.6954465288
6436129,44162.25970017638
6436137,83748.3450617284
6436180,66274.74386724386
6436190,46244.3710918711
6436195,100740.38139329807
6436198,85830.52669552669
6436202,91598.13431938432
6436209,41094.74426807759
6436230,14206.238977072311
6436257,11505.595238095239
6436273,66341.19268077602
6436277,11447.052469135802
6436293,34887.318823152156
6436313,54740.297017797
6436321,19109.255050505046
6436340,17919.31261022928
6436344,21006.21252204585
6436356,37888.44135802469
6436364,21544.539241622573
6436366,44553.89991181658
6436369,69753.56515398182
6436376,30110.610670193997
6436385,49030.93915343916
6436388,23857.608024691355
6436392,30056.8430335097
6436399,12735.901675485007
6436406,13502.718354176688
6436407,12358.172699214365
6436408,13968.688271604937
6436409,23046.07473544974
6436410,20832.757635882637
6436411,39666.2323633157
6436412,16533.298059964727
6436413,33811.865079365074
6436417,26816.027336860672
6436418,44690.315856982525
6436419,45785.96420554755
6436420,44870.72751322751
6436421,42755.16534391534
6436426,65537.4921837422
6436429,42443.76984126985
6436435,62804.55226871894
6436439,38044.779320987655
6436441,90675.93654801989
6436446,23476.69576719577
6436508,14757.31040564374
6436541,10265.556657848323
6436564,19523.180114638442
6436565,17671.54060445727
6436566,14227.250881834212
6436571,15241.071428571428
6436573,15210.069444444445
6436577,21400.537918871254
6436580,25642.901434984768
6436581,28038.344556677894
6436583,27008.165784832458
6436585,30201.613756613755
6436587,29346.6841029341
6436588,30000.625901875897
6436592,29095.542127625453
6436596,33400.59964726632
6436598,18559.237213403885
6436601,22616.033363858365
6436603,26104.55026455026
6436604,25413.93518518519
6436605,24999.69797178131
6436607,26670.335097001764
6436611,30679.250440917112
6436621,30368.035113035116
6436627,28985.16414141415
6436635,14391.40873015873
6436637,16812.751322751323
6436640,14893.835978835976
6436643,26872.387566137568
6436645,46499.47530864197
6436653,44660.04589546255
6436654,41151.56678198345
6436657,50435.445326278656
6436659,17408.143939393936
6436660,15335.63271604938
6436661,28529.224186307514
6436662,66852.3575036075
6436678,12981.038359788363
6436680,16646.94532627866
6436682,17157.319223985887
6436689,16919.41488295655
6436696,19881.883918550582
6436706,13543.746713163382
6436707,18841.891534391536
6436905,22558.298500881836
6436908,24656.4298941799
6436910,29275.032066698735
6436912,33287.85052910054
6436916,35031.55202821869
6436917,39928.84700176367
6436924,20606.574074074073
6436927,40515.97883597884
6436934,78297.15388007053
6436935,70856.84724226392
6436937,16547.918871252205
6436939,87314.01455026455
6436940,89276.82760141094
6436945,67560.83774250442
6436948,68919.40255731925
6436952,41234.578042328045
6436953,39216.47398589066
6437044,49947.05687830688
6437056,32833.28563411897
6437371,17025.18296055796
6437372,17843.245129870127
6437376,10763.430335096999
6437379,12945.687830687826
6437384,13095.38139329806
6437400,13371.522667147668
6437407,23514.26807760141
6437437,28935.6727994228
6437484,53930.40343915343
6437486,59914.55246913579
6437501,28696.243386243386
6437504,22853.088985088983
6437505,38621.682098765436
6437507,40089.72663139331
6437508,42576.76687510021
6437531,82392.49819624821
6437533,41055.036075036085
6437534,31657.64550264551
6437542,52161.68783068781
6437548,27828.11199294532
6437549,21276.782407407398
6437560,15653.574234407568
6437569,20247.44488536155
6437582,14789.082969499636
6437599,23143.51190476191
6437640,35093.63536155202
6437644,31859.70238095239
6437648,41004.09030784031
6437649,60868.867012617004
6437650,55412.76251526251
6437661,25329.363722697057
6437662,42378.67925284593
6437670,37898.544973544966
6437681,81245.36415744749
6437693,52111.78130511464
6437695,88223.75881834215
6437705,14072.504409171077
6437708,16712.437477954147
6437725,74221.88131313129
6437728,74349.27308802308
6437738,90425.0229708563
6437764,32080.90167548501
6437784,11746.15740740741
6437789,69708.78968253967
6437813,30588.675645342308
6437926,20659.2323633157
6437930,26238.47382555717
6437935,73142.82407407407
6437936,25595.76388888889
6437939,44721.521164021164
6437940,42178.43915343916
6437943,53938.80952380953
6437944,60128.03395061731
6437946,31996.968294051632
6438008,12725.658068783074
6438011,13441.690917107584
6438013,15584.608585858588
6438014,22212.00176366843
6438017,16170.509159050827
6438018,14734.29012345679
6438032,8651.425665384
6438049,9658.069444444442
6438051,10200.789001122334
6438066,10395.855038480036
6438070,13089.81331168831
6438080,11526.867283950616
6438093,6925.414462081129
6438096,7027.133377425045
6438117,11510.4155643739
6438121,7256.28968253968
6438128,12791.129629629626
6438130,14375.648148148148
6438146,6686.895943562611
6438150,7256.28968253968
6438152,11038.220458553793
6438153,17068.156966490304
6438154,11426.7949334616
6438158,11235.76058201058
6438159,11241.706750040083
6438174,27322.116402116393
6438184,15397.352894019557
6438269,12104.433834683836
6438271,40736.89947089948
6438295,14057.542989417989
6438296,13816.086860670193
6438299,11572.171917588583
6438379,33620.58834375501
6438463,80686.9246031746
6438521,10791.909611992945
6438523,18132.658128908133
6438525,15824.022767356102
6438526,16650.354938271605
6438580,54908.55268959436
6438584,42485.89748677249
6438585,63614.614197530886
6438604,84058.67183742183
6438674,84106.02733686067
6438685,79909.03880070547
6438692,82685.07936507938
6438699,13293.472943722943
6438790,11637.409611992945
6438989,11682.106701940034
6438992,12269.884479717815
6438999,12311.688492063493
6439000,14581.482243065577
6439004,14421.160814494147
6439006,17468.368005451342
6439010,13375.708393458393
6439015,26132.006613756625
6439019,30865.052028218688
6439037,13745.160934744266
6439214,16309.861111111108
6439317,12171.218694885361
6439341,13582.380952380952
6439344,14011.72641093475
6439350,15844.34082892416
6439603,13721.093474426809
6439604,7833.892592592593
6439609,13017.388367805032
6439614,17724.814814814814
6439631,11613.758818342154
6439632,12176.706770081772
6439696,12017.642576559245
6439706,24307.28218694885
6439753,14346.914131393296
6439760,6400.807539682542
6439775,31107.694003527336
6439781,26474.98015873015
6439787,28780.853174603166
6439790,30201.218966218963
6439792,36253.67063492063
6439801,54039.61199294531
6439818,27153.553992304005
6439819,17716.21362433863
6439831,29077.786596119928
6439839,42940.83994708995
6439845,37546.833413500084
6439849,76101.86868686868
6439855,59435.981040564366
6439862,54341.294091710755
6439867,36676.43458393458
6439881,11577.117404200739
6439882,11632.130631713964
6439883,10872.956349206348
6439901,52860.56216931216
6439904,86009.8897707231
6439917,8076.893738977073
6439927,8233.256172839505
6439952,8268.507275132277
6439962,9715.412257495589
6439967,9418.985088985088
6439979,8965.26410934744
6439981,10644.94672611339
6439993,11076.816778900109
6440044,22829.72222222222
6440045,20341.48288439955
6440047,22591.425565175567
6440048,22591.425565175567
6440067,25269.916225749566
6440091,45818.29100529101
6440095,53061.57407407408
6440096,56298.339947089946
6440111,65067.97398589064
6440127,12060.053791887121
6440128,11624.404320987653
6440129,11624.404320987653
6440149,12782.480359147028
6440150,14590.49470899471
6440154,15063.740079365081
6440155,14768.26278659612
6440159,17438.129409171073
6440160,16942.75903880071
6440161,17261.542107583777
6440165,17928.412698412703
6440166,17305.268959435627
6440171,12146.516313932982
6440199,19262.065215648552
6440214,20000.0197611031
6440218,20356.59872534873
6440228,18013.22111992945
6440238,25529.358866442202
6440239,26200.568783068786
6440240,24430.253527336863
6440242,28110.548941798937
6440248,18438.498897707228
6440255,12490.149591149595
6440269,24228.690476190473
6440272,26728.43562610229
6440273,27605.778218694886
6440275,26761.564814814818
6440277,25094.761904761905
6440289,27811.42636684303
6440299,20209.464285714286
6440311,24657.129629629628
6440315,27774.60978835979
6440330,28090.240299823636
6440331,28090.240299823636
6440332,28090.240299823636
6440333,28090.240299823636
6440334,28090.240299823636
6440335,28090.240299823636
6440342,74691.52777777777
6440350,30310.086913580242
6440351,30628.017877184542
6440352,30369.422198172197
6440354,29578.624338624337
6440356,27863.44576719577
6440358,30489.024170274162
6440359,30281.35221260221
6440360,29722.394179894185
6440388,19391.59391534392
6440389,19391.59391534392
6440392,31468.194043610707
6440394,29734.612794612793
6440401,31520.006613756617
6440403,31654.149029982364
6440442,25259.805996472664
6440443,25259.805996472664
6440448,30975.03908128908
6440466,20076.91137566138
6440512,15979.607583774252
6440571,81284.57924482925
6440573,63560.25793650792
6440719,24704.257054673726
6440745,16906.34189113356
6440772,13266.553751803753
6440790,50850.72831489499
6440792,12750.297298380634
6440860,20083.175204425203
6440884,13672.18716931217
6440890,58032.73348565015
6440892,56807.2448693282
6440894,63323.3024691358
6440899,19077.9173681257
6440901,22001.585097001764
6440957,48622.48456790124
6440958,49122.15608465608
6441046,34609.981000481006
6441056,50537.394179894174
6441061,60132.0811287478
6441062,60663.45278178613
6441069,69221.10429693764
6441070,70498.43233926568
6441074,54497.28515311849
6441094,33572.9880952381
6441106,26203.64959114959
6441109,74452.82848324515
6441110,74696.71296296295
6441123,84485.17195767196
6441124,87750.03306878306
6441138,87624.03439153441
6441149,111716.04497354498
6441168,65594.18911335578
6441178,35093.91855058521
6441198,33561.69312169312
6441245,27545.305555555555
6441248,28579.574514991178
6441252,28686.351410934738
6441256,29979.21296296296
6441265,64442.92768959436
6441269,60485.65917107583
6441276,61664.70578803913
6441302,18280.15211640212
6441346,42615.2204585538
6441347,48803.470017636704
6441356,62747.69841269842
6441368,46512.12301587301
6441378,19939.95899470899
6441437,11630.190374440373
6441445,23613.750000000004
6441449,61878.55599647265
6441451,48317.44047619049
6441458,11901.922158088824
6441459,11904.282186948854
6441461,13289.748396665062
6441462,13823.258818342154
6441464,42283.14373897707
6441469,43881.124338624344
6441471,39481.371252204575
6441472,39268.0753968254
6441473,41522.23544973546
6441476,39196.66666666667
6441477,40600.72089947091
6441486,64020.46296296296
6441487,64443.20105820107
6441490,64461.58068783069
6441491,43862.39638447972
6441493,26948.730158730155
6441503,34504.15343915344
6441507,35942.881393298056
6441509,41689.75088183422
6441512,20954.77579365079
6441520,45956.75905884239
6441523,52516.76146384481
6441542,34087.53607503608
6441557,80481.86287477956
6441559,80294.53835978838
6441567,96943.77144460479
6441568,96943.77144460479
6441585,44019.16005291005
6441588,48865.17195767198
6441589,47530.42748917749
6441591,52990.299823633155
6441596,20892.544091710755
6441597,77052.43165784833
6441598,71517.41534391536
6441599,67762.59259259261
6441604,18847.359347442674
6441613,18636.85476190476
6441615,23246.11000881834
6441624,25812.342472342476
6441663,45065.908289241626
6441685,13628.243386243386
6441688,95010.96781305116
6441695,58055.61287477953
6441701,18582.03563411897
6441702,18790.09479717813
6441714,22023.372134038797
6441717,57108.873456790134
6441721,33054.23220298222
6441729,9271.783068783068
6441730,11572.389770723103
6441732,10882.402998236332
6441733,10899.208553791888
6441736,10505.847663139331
6441767,66589.0806878307
6441770,73690.22727272726
6441772,67395.33068783068
6441773,67736.64021164022
6441774,66322.1869488536
6441777,63584.24382716049
6441780,69571.28968253967
6441785,27134.24122174123
6441787,11749.333333333334
6441792,11620.789662497995
6441793,11764.151234567902
6441795,14084.834656084655
6441796,14667.90873015873
6441797,13808.386243386245
6441813,10279.58664021164
6441816,11790.392416225748
6441817,13584.109287317622
6441824,12142.317019400352
6441825,70470.91009299344
6441846,16061.743827160497
6441847,16350.414261664262
6441854,18459.177288760617
6441856,19716.692119608782
6441866,43124.598364598365
6441872,57498.34876543208
6441880,15001.309523809525
6441881,17750.917107583777
6441885,14447.271925605257
6441911,29829.31569973236
6441915,40398.994708994716
6441918,42589.536235369575
6441919,42425.81028539362
6441920,42528.26398909733
6441921,39066.34038800706
6441960,27385.758778258776
6441968,46732.6102292769
6441969,46496.59611992945
6441983,40618.07539682539
6441986,41575.60185185185
6442002,55259.735449735446
6442044,16583.423721340387
6442045,14910.344516594514
6442059,19163.405082571757
6442068,15006.615520282185
6442069,15122.237213403881
6442073,15227.766594516595
6442080,43309.943883277214
6442084,50463.458994709
6442085,26368.852983436318
6442087,23374.263267596598
6442094,30164.768518518526
6442097,45282.73368606701
6442099,30644.47111992945
6442111,24225.186187269523
6442119,108216.65223665225
6442148,46292.49859708193
6442151,44341.69312169311
6442155,50648.262786596104
6442163,69593.74999999999
6442167,66363.39185505852
6442186,89420.64814814813
6442195,15625.332892416229
6442200,31283.79629629629
6442202,16078.399470899469
6442203,16354.87980599647
6442208,15399.708377425046
6442210,23760.693112874782
6442211,27901.199294532627
6442212,24882.46913580247
6442214,35711.9184303351
6442216,33483.78880070547
6442220,26354.695767195764
6442253,49537.42283950618
6442258,11211.533068783068
6442261,12987.791005291008
6442264,45272.36111111111
6442283,21870.14349847683
6442294,16756.332772166097
6442295,52773.51190476191
6442310,21225.47839506174
6442313,22240.449735449736
6442373,69287.99382716049
6442388,122578.9880952381
6442392,15367.626944043612
6442395,20383.010662177327
6442412,96120.0044091711
6442433,12335.023989898991
6442434,13368.851851851852
6442437,11644.841269841272
6442445,23630.079365079364
6442509,29310.1741622575
6442517,46223.36479878147
6442536,12579.454585537922
6442538,13041.868386243385
6442551,33652.23424723425
6442565,41751.692239858916
6442567,42874.66225749558
6442575,50669.8015873016
6442590,27538.49757495591
6442636,24092.526455026462
6442647,26395.32347282347
6442651,26701.585097001767
6442661,28688.395061728388
6442663,28421.08686067019
6442667,51824.298941798945
6442679,13075.58421516755
6442680,13930.751763668432
6442681,14680.451940035275
6442682,17917.50460958794
6442687,17198.79389129389
6442696,24665.25312650313
6442700,66681.8540564374
6442701,15198.130511463847
6442703,17197.10978835979
6442715,15342.30531813865
6442723,41543.45119386787
6442724,44456.32597340933
6442741,18331.715207631878
6442747,34764.373096039766
6442748,42631.35582010582
6442749,38593.85361552028
6442768,51670.756613756625
6442774,65064.706790123455
6442775,76260.93253968253
6442776,73090.81349206349
6442797,21016.161816578475
6442799,19760.40724707391
6442810,62211.162818662815
6442813,109640.77160493827
6442818,10724.103174603175
6442828,66093.41370049704
6442858,70141.21512746513
6442871,23060.62169312169
6442878,39923.48605098605
6442894,83229.80158730155
6442895,84586.88624338622
6442904,95184.99338624338
6442907,32428.24013949014
6442908,32714.918430335096
6442912,21448.11507936508
6442920,25253.692239858905
6442929,45948.22486772487
6442955,57674.84788359788
6442974,48548.026895943556
6442979,54865.8311287478
6442982,59771.65123456792
6442983,56775.987654321
6442986,88915.15432098767
6442990,28241.039682539682
6443037,80961.99025974025
6443178,53740.440917107575
6443216,75645.88604296939
6443220,110367.57435465767
6443242,75565.89947089947
6443249,77286.5630511464
6443260,89940.28659611993
6443266,112021.91578483244
6443275,111523.42191758861
6443288,60430.44973544972
6443327,126413.77865961203
6443395,84776.96208112875
6443398,81801.60714285713
6443652,29673.566418149752
6443670,88085.029337946
6443678,93346.21091871092
6443686,23909.715608465616
6443690,26552.73749398749
6443718,30095.04409171076
6443733,30352.641093474424
6443749,78557.12522045855
6443751,77448.53835978836
6443755,33441.62037037037
6443814,21859.794973544977
6443938,50573.337742504424
6443939,50194.63403880072
6443945,53022.36111111111
6443946,56545.83245149911
6443951,55917.684303350965
6443965,124598.01647426645
6443972,129925.39862914858
6444001,90260.84736251402
6444026,46047.782186948854
6444033,54701.51895943561
6444038,56632.85654160652
6444051,67893.30627705624
6444102,74773.6221340388
6444107,65174.1049382716
6444165,31556.276455026455
6444167,31539.60978835979
6444175,59028.45679012345
6444191,69483.78306878306
6444208,24467.73067981401
6444248,51413.09764309762
6444253,63628.00264550263
6444261,69988.68935385603
6444291,116257.97899631233
6444299,119387.86435786435
6444300,108650.34010742344
6444301,92466.85245310242
6444303,115316.11391694724
6444319,96953.49867724867
6444326,89336.65564373898
6444348,22147.58487654321
6444356,15807.93209876543
6444378,89477.25749559086
6444444,17631.109607984603
6444476,104699.39373897706
6444499,30682.896825396827
6444515,29663.05996472663
6444528,33202.92348084015
6444535,38289.1975308642
6444667,36275.965608465616
6444676,67039.80820105821
6444678,78231.03835978835
6444682,81413.48124098124
6444685,81413.48124098124
6444708,16123.040163540163
6444794,34637.97398589066
6445095,91794.5061728395
6445222,50864.37169312169
6445263,66694.2195767196
6445264,63271.03655603655
6445341,13546.631273047939
6445355,15584.978956228955
6445422,99123.56261022924
6445461,25164.193121693123
6445465,20338.022486772486
6445496,76142.71825396827
6445498,71951.14638447971
6445507,82034.5925525092
6445518,88781.78170594836
6445520,90955.70944487609
6445549,54236.00489017154
6445559,79550.89506172838
6445560,79655.33950617284
6445562,86030.52709636044
6445584,97786.18165784834
6445609,87944.73985890651
6445624,24450.277777777785
6445685,46938.494468494464
6445686,44713.51471059806
6445688,46085.52489177488
6445693,44635.01302709636
6445720,61733.93959435627
6445762,14195.683421516755
6445764,15517.259700176368
6445766,15988.941798941803
6445783,13279.636183261186
6445794,37074.71781305115
6445795,37030.93474426808
6445800,32034.55467372134
6445801,34339.17227833894
6445939,21025.466309924646
6446023,30395.76058201059
6446048,68146.20270161938
6446063,83075.35493827162
6446105,49119.49314574314
6446108,34851.42616642616
6446109,54386.34516717849
6446111,62068.320907487556
6446113,53514.552068302066
6446185,74377.721340388
6446269,15124.703703703703
6446280,16655.112433862436
6446344,20495.85457752124
6446355,55030.24029982362
6446384,16763.88558201058
6446410,25669.8321709155
6446418,12530.1278659612
6446430,12198.257421590753
6446438,38458.06297097964
6446451,11683.476410934743
6446518,13719.354978354977
6446553,83404.77265512265
6446588,20978.73015873016
6446823,13703.532186948854
6446851,10873.711620169952
6446865,13648.557539682542
6446868,10899.011022927689
6446876,14972.712998236333
6446884,76383.09082892418
6446886,76383.09082892418
6446891,16343.41049382716
6446923,24432.550705467376
6446930,22418.747354497358
6446938,43926.10259339426
6446943,25525.2557319224
6446951,32866.65564373898
6446971,36166.19225681726
6446975,61824.425404842084
6447013,75819.6438592272
6447016,79623.24074074076
6447033,11938.759700176366
6447043,17469.303411095076
6447083,21203.5582010582
6447094,14920.966810966813
6447104,21311.57076719577
6447110,17213.954425204425
6447136,33411.9708994709
6447194,28572.45590828924
6447204,14264.388227513226
6447213,28318.478835978836
6447222,63195.890652557326
6447225,16033.320105820103
6447229,20010.168370210034
6447257,28155.363756613755
6447260,57693.721340388016
6447261,72482.70723104056
6447262,78697.57848324516
6447283,44495.143298059964
6447287,57959.69356261023
6447290,51586.093474426816
6447291,51586.093474426816
6447294,57959.69356261023
6447295,57959.69356261023
6447297,76031.66105499439
6447298,76031.66105499439
6447299,76031.66105499439
6447306,69462.50440917109
6447307,75819.6438592272
6447309,27563.18165784832
6447311,24009.27028218695
6447312,22927.74029982363
6447314,25871.314814814818
6447315,19859.426366843036
6447317,22957.962962962967
6447319,30542.314814814818
6447320,37306.21164021164
6447324,40883.85802469136
6447325,45543.977072310416
6447329,46026.569264069265
6447334,71806.45061728396
6447344,15405.5114638448
6447350,22260.72971781305
6447351,28961.58950617283
6447352,33043.60229276896
6447355,32667.71384479718
6447357,46720.86860670194
6447359,37806.74691358024
6447367,67084.34523809525
6447407,14750.93674843675
6447409,21666.812169312165
6447415,41728.00625300625
6447416,39637.41402116402
6447418,52425.59383517717
6447433,29587.86155202822
6447435,30822.438271604933
6447446,18245.26234567901
6447472,30734.022767356095
6447473,34700.58421516755
6447474,34486.21472663139
6447475,34411.473985890654
6447476,44001.17736892738
6447477,33541.644959978286
6447478,42275.52689594356
6447480,14487.309824434826
6447497,27022.890211640206
6447499,31128.66402116402
6447541,35519.316578483245
6447554,44683.14814814815
6447563,51529.837261503926
6447582,61894.05523488856
6447586,86179.01895943565
6447601,79028.02669552669
6447621,66062.33465608465
6447627,93673.84299342634
6447654,17240.36309523809
6447658,13653.929172679174
6447661,18471.708553791883
6447670,24183.04894179894
6447689,9090.593514510181
6447690,8818.988295654963
6447766,25005.531305114637
6447769,29656.242283950618
6447788,11401.721580888247
6447789,11194.05954385121
6447790,11309.813848188847
6447791,11437.235449735448
6447792,11437.235449735448
6447794,11229.347578347577
6447795,11229.347578347577
6447796,11229.347578347577
6447797,11229.347578347577
6447798,11229.347578347577
6447800,11229.347578347577
6447801,11938.759700176366
6447808,11309.813848188847
6447809,11474.427689594357
6447810,11938.759700176366
6447811,11938.759700176366
6447812,11474.427689594357
6447813,12818.885802469138
6447842,11787.241107657774
6447843,11608.882275132277
6447844,10988.88888888889
6447845,15128.532347282344
6447871,10043.948412698412
6447873,10149.801146384478
6447874,10823.773889690556
6447875,11902.169312169312
6447876,14832.708333333334
6447878,14127.617003367008
6447879,15431.70755170755
6447880,16042.920073753408
6447881,16158.640772807441
6447882,15855.144400352734
6447884,15871.30291005291
6447885,15871.30291005291
6447886,15871.30291005291
6447894,25279.35205226873
6447902,25107.89241622575
6447903,26470.42328042329
6447904,25107.89241622575
6447905,27872.264309764312
6447906,23958.474426807763
6447907,23868.76984126985
6447910,23868.76984126985
6447921,23840.15873015874
6447923,23840.15873015874
6447926,23840.15873015874
6447927,23840.15873015874
6447929,23840.15873015874
6447931,23840.15873015874
6447933,23840.15873015874
6447937,23840.15873015874
6447938,34579.52821869488
6447944,14657.251984126988
6447951,22701.675485008822
6447952,27879.53703703704
6447954,26056.64421997756
6447956,26056.64421997756
6447957,26056.64421997756
6447958,26056.64421997756
6447959,29911.684303350965
6447966,31334.926046176042
6447967,29441.48809523809
6447989,11474.427689594357
6448061,10907.812249478915
6448064,14468.83597883598
6448071,25207.700617283954
6448078,32197.75793650793
6448079,32961.50793650794
6448089,12471.438932980596
6448096,12411.900352733686
6448098,22457.221420554757
6448102,24596.816578483245
6448104,28698.302669552668
6448108,28660.207431457435
6448109,29002.54629629629
6448110,28241.946649029982
6448123,14049.453262786597
6448124,11748.916225749559
6448126,17897.74029982363
6448130,31377.31040564374
6448131,32896.979717813054
6448132,32242.0987654321
6448141,18679.565696649035
6448149,39246.166225749555
6448151,33304.41538399871
6448152,38201.25881834215
6448155,39929.51940035274
6448157,43001.468253968254
6448170,60492.129629629635
6448180,75661.78130511465
6448193,10435.265873015875
6448197,22133.82495590829
6448201,31020.952380952378
6448220,30255.71869488537
6448223,39530.47178130511
6448259,29597.077922077922
6448288,20460.84611992945
6448294,25202.310405643733
6448295,49003.39345839347
6448339,36431.30511463845
6448354,24748.952220618885
6448355,24317.470238095237
6448357,13182.512566137562
6448361,18239.40610469777
6448373,11534.076278659611
6448579,17079.351605184936
6448607,19247.740480198812
6448623,12605.603174603175
6448677,25269.359868526535
6448678,25269.359868526535
6448823,18806.586199294532
6448839,21401.781305114633
6448848,26137.269841269837
6448856,19432.683581850244
6448880,17725.39682539682
6448948,84267.92328042329
6448965,69425.28269569938
6449017,33383.61552028219
6449188,46683.58365400032
6449189,66483.65520282187
6449197,33374.923280423274
6449226,26963.683862433856
6449556,21462.245590828923
6449558,19776.229276895938
6449560,20860.14902998236
6449562,20860.14902998236
6449636,16485.720899470904
6449637,20136.715167548497
6449638,20136.715167548497
6449639,21322.310405643744
6449643,17404.910233285234
6449740,37356.00088183422
6449742,36712.40740740741
6449749,42942.973985890654
6449752,74826.00749559083
6449756,78008.22310405642
6449757,30877.164902998236
6449822,33012.71705146704
6449869,42244.0643738977
6449876,83102.03703703705
6449879,23472.0811287478
6449899,41548.66341991341
6449931,36880.617283950625
6449939,61488.172398589086
6449945,59036.247795414456
6449977,39924.153439153444
6450007,19197.117504409172
6450027,21830.42195767196
6450033,20295.10378510378
6450034,21075.171957671955
6450035,40811.997354497355
6450040,38528.68551587302
6450063,10867.924362674363
6450065,32795.19620811288
6450092,18891.192680776014
6450093,31226.20524691358
6450135,73233.4509780343
6450148,39792.35229276895
6450178,21397.506613756614
6450226,23041.2852733686
6450276,13445.659772326442
6450290,19985.33068783069
6450291,23434.78174603175
6450303,11880.800705467369
6450311,22008.573633156964
6450332,14666.256613756615
6450353,37648.236331569664
6450359,24649.65588423922
6450364,47547.04184704185
6450427,16151.86736874237
6450442,75197.98460798457
6450474,28841.312129228783
6450475,29118.44175885842
6450477,27499.191117524453
6450479,30892.194163860826
6450480,30599.78675645342
6450485,32222.133838383837
6450488,12986.663359788363
6450492,13845.700176366845
6450510,53455.76338784674
6450520,40065.89385922718
6450530,23117.36331569665
6450543,30492.32503607504
6450553,55301.92460317459
6450556,51204.2394179894
6450560,34075.66137566138
6450561,38876.07363315697
6450573,29719.082451499118
6450576,30261.695326278652
6450587,30623.921957671948
6450604,39335.875420875425
6450611,62167.32473544971
6450669,20681.640211640217
6450674,31720.173280423274
6450677,38030.72971781305
6450680,63169.61680295013
6450683,41924.75970017636
6450740,17411.591710758377
6450746,11779.02898027898
6450757,20008.489858906523
6450836,78091.79894179896
6450840,28296.450617283946
6450842,27402.098765432096
6450853,80594.37389770725
6450854,81310.18077601412
6450898,12854.45736670737
6450901,12154.607583774254
6450902,13412.129028379033
6450903,13412.129028379033
6450906,46356.49711399711
6450910,50761.91798941799
6450913,78442.42344075677
6450922,30599.78675645342
6450923,30892.194163860826
6450924,30599.78675645342
6450925,30892.194163860826
6451301,10704.041666666666
6451307,9161.674663299662
6451342,12213.721340388005
6451367,11316.527777777777
6451371,12733.15586419753
6451372,15191.148589065257
6451375,11732.860449735454
6451380,12993.99779541446
6451382,13802.888007054671
6451384,11039.90277777778
6451392,18719.60978835979
6451393,13407.505010421675
6451403,15520.236291486288
6451420,19444.294332211
6451432,6859.671075837744
6451466,6718.902523402522
6451469,14253.220618887284
6451476,6743.191137566137
6451481,8921.910890652556
6451493,6939.443325193324
6451496,7429.670634920635
6451497,7619.800264550265
6451502,8255.212522045855
6451505,8231.432980599646
6451508,8822.316738816742
6451509,7810.094797178129
6451512,9591.022927689593
6451514,9591.022927689593
6451518,6935.904287070953
6451519,7082.565018315018
6451520,6925.737620404285
6451522,8011.504850088186
6451524,7240.4055234888565
6451528,7420.856481481481
6451536,11569.654882154884
6451546,8962.996031746032
6451551,9586.877044252042
6451570,9011.146284271284
6451571,12528.546330212997
6451575,8626.508217091552
6451576,10916.60049518383
6451594,9367.570747154079
6451616,11406.144179894181
6451635,14472.781385281387
6451649,12557.883517716853
6451650,13669.567901234566
6451670,11080.396825396829
6451671,11112.862654320985
6451696,11371.768298059967
6451697,11586.725749559086
6451699,11774.75815696649
6451700,12000.459215167548
6451701,12000.459215167548
6451703,11527.248897707232
6451707,11805.51487093154
6451708,11805.51487093154
6451714,12558.671035754367
6451724,13356.556437389767
6451726,13556.190877024212
6451727,13556.190877024212
6451734,14799.329605579607
6451749,13715.308641975309
6451752,13923.112874779545
6451758,11277.248236331567
6451759,11241.95348324515
6451760,11108.363395863396
6451768,11989.012746512748
6451775,14518.032407407405
6451799,11558.248757415424
6451800,11558.248757415424
6451807,13418.754409171075
6451808,12533.679453262785
6451811,13469.501763668428
6451813,13009.322005155338
6451818,12353.32561728395
6451819,12071.833213083215
6451824,14371.9742263909
6451825,14310.059523809528
6451843,15768.796296296294
6451844,14135.261143177813
6451847,13954.674723424723
6451852,14587.244268077602
6451881,12738.94775132275
6451883,11499.840768799102
6451888,12404.006834215166
6451928,15942.36552028219
6451929,13991.347001763672
6451938,16739.007094757093
6451941,8435.351631393296
6451950,9486.2003968254
6451958,10677.359247234244
6451964,10743.906866281863
6451966,18826.9012345679
6451998,14456.243386243385
6452000,15117.78691678692
6452010,14627.317340067339
6452066,16238.968253968254
6452378,14321.989858906527
6452391,15411.518959435623
6452395,11472.156084656082
6452402,15425.453342953346
6452404,18414.652597402597
6452405,20219.638447971778
6452419,8951.144620811288
6452448,10624.214506172837
6452453,10052.732142857143
6452455,11081.836419753086
6452508,7524.354938271608
6452537,9121.688211479875
6452551,9368.85537918871
6452552,10651.091931216934
6452557,10054.890873015871
6452558,11107.529320987655
6452559,11970.183641975309
6452560,10054.890873015871
6452563,13068.683014516346
6452570,10054.890873015871
6452572,10222.048059964725
6452573,10222.048059964725
6452575,10222.048059964725
6452577,10222.048059964725
6452579,10222.048059964725
6452587,10054.890873015871
6452594,49408.13492063492
6452602,10222.048059964725
6452614,40112.03042328042
6452649,25339.342151675486
6452651,94690.50485008821
6452652,94690.50485008821
6452668,14441.583994708993
6452672,14500.380291005291
6452833,11616.626984126982
6452915,22112.11287477954
6453187,19265.185185185186
6453188,18743.057760141095
6453192,22093.69634840468
6453335,79192.88800705467
6453341,77065.45194003526
6453348,60779.25705467371
6453443,29996.07363315696
6453552,20809.0208032708
6453614,64964.781746031746
6453708,37506.706349206346
6453716,70905.07936507938
6453769,50686.42195767194
6453779,33885.99867724867
6453789,20041.899250440918
6453792,26981.294893378225
6453795,26981.294893378225
6453797,41390.51827801827
6453798,41390.51827801827
6453812,57001.726190476205
6453813,50581.2676366843
6453816,16627.713844797174
6453819,46032.775372775366
6453821,18137.091550424888
6453825,9676.787918871252
6453832,45208.3651996152
6453875,102311.15520282189
6453879,56713.22839506172
6453892,82234.15123456791
6453899,73123.70410453745
6453900,85874.26587301589
6453903,88170.60405643738
6453915,78349.22398589064
6453998,13803.784171075835
6453999,14553.528439153439
6454020,9449.972803431136
6454022,13376.675485008815
6454064,7895.680996472664
6454474,44053.086419753075
6454858,11245.903880070548
6454862,13462.108585858583
6454878,11417.579365079362
6454932,10735.568783068784
6454936,12736.645021645021
6454937,12940.059523809523
6454938,11647.879589546257
6454940,11647.879589546257
6454941,11647.879589546257
6454943,13394.323593073594
6454946,13394.323593073594
6454947,13394.323593073594
6454949,13477.830687830688
6454950,13394.323593073594
6454951,13394.323593073594
6454952,11647.879589546257
6454953,13394.323593073594
6454954,12824.924257840928
6454958,13477.830687830688
6454959,13394.323593073594
6454961,13146.636203302873
6454963,14224.679132595795
6454969,14093.016273849606
6454970,14093.016273849606
6454971,14415.569183902515
6454975,14093.016273849606
6454976,14105.741141574474
6454978,15001.505731922398
6454979,16176.798941798941
6454984,13501.884920634919
6454996,15293.862433862432
6455337,14821.8645983646
6455628,11316.858465608466
6468144,9407.296296296297
6468145,10097.91005291005
6468146,14352.897226230558
6468170,13367.045755170757
6468171,33474.03218694885
6468172,39412.76455026455
6468174,42591.60273368606
6468175,62784.455467372136
6468176,79399.32980599649
6468177,57126.98092031425
6468178,61049.563492063484
6468179,82040.50264550265
6468180,61182.79320987653
6468182,6182.942660734328
6468183,6089.584435626102
6468185,10529.72552910053
6468186,10323.322907647907
6468187,10323.322907647907
6468188,10328.959030784032
6468189,13628.001322751321
6468190,9695.80834135001
6468191,12664.878306878309
6468192,12648.888447971782
6468193,11940.2733686067
6468195,15342.381216931219
6468196,17471.42636684304
6468197,16430.314153439154
6468198,17381.763868847203
6468199,16480.85137085137
6468204,24765.467372134037
6468205,24918.969656886322
6468209,27530.26344797178
6468212,15458.999118165788
6468213,16341.018518518522
6468214,30491.789241622584
6468217,21931.54761904761
6468219,51962.94713003048
6468221,28033.24603174604
6468222,27058.947089947098
6468232,110174.68835177165
6468236,73559.29368471036
6468237,42770.23368606703
6468244,15613.694885361547
6468248,19125.525092191758
6468249,62271.17504409172
6468250,108207.19047619046
6468252,72956.80555555556
6468253,68804.69576719576
6468258,40222.60381593715
6468259,46430.2733686067
6468261,44285.63532146865
6468265,26774.18650793651
6468266,23977.063492063495
6468267,24755.033068783076
6468268,24213.98809523809
6468269,24755.033068783076
6468272,34176.351410934745
6468273,37163.32892416225
6468277,51835.339506172844
6468278,29836.701940035273
6468279,37174.37830687831
6468280,37300.48941798942
6468281,10614.653218694884
6468282,20886.405423280423
6468283,22431.78711720378
6468284,23746.091269841272
6468285,24570.011022927694
6468286,16698.350408850405
6468288,45051.01631393299
6468290,15904.863315696646
6468291,16609.295634920636
6468293,21281.142416225754
6468294,29003.814441731105
6468296,64339.66049382715
6468297,67343.42151675487
6468298,64035.87842712843
6468299,53626.3955026455
6468302,13201.695326278665
6468303,42787.81525573191
6468304,12410.729056437394
6468306,19889.03880070546
6468307,19198.698292448295
6468308,41908.2671957672
6468313,34866.57076719577
6468314,38800.502645502645
6468315,33732.73478835979
6468316,29029.09942680776
6468324,22435.499338624333
6468326,18717.1985730319
6468327,18971.97310405644
6468328,26959.10934744268
6468330,53028.79188712522
6468331,43667.30379188713
6468333,12301.53258778259
6468334,12253.710718294053
6468335,26884.490740740745
6468336,34226.87568141735
6468337,38559.09060846561
6468339,19570.509660092994
6468342,19059.65388007055
6468343,60174.4592752926
6468344,128639.09271284271
6468353,30932.463624338634
6468354,16072.719356261026
6468355,37020.17897226231
6468356,20123.652998236324
6468359,21204.003493420158
6468360,36893.16798941799
6468362,13775.343915343916
6468364,47409.76631393298
6468365,12689.32990620491
6468366,16579.792768959436
6468367,38515.21672771673
6468368,47933.15035273368
6468370,30857.343815135486
6468371,30765.69819223986
6468372,19865.51807760141
6468373,61688.98148148147
6468376,19527.955026455027
6468377,25082.20458553792
6468378,48497.49559082892
6468379,35548.88668430335
6468380,32706.256613756614
6468387,66774.08730158728
6468388,67413.33333333333
6468389,43213.234126984134
6468390,68879.5428491262
6468391,69173.29365079364
6468392,107774.32960557962
6468393,87524.91402116402
6468400,76337.03042328043
6468403,88485.42768959436
6468406,32322.81004489337
6468407,33247.7733686067
6468409,29262.7793811127
6468410,31910.622795414463
6468412,34227.91967291968
6468413,13513.93959435626
6468414,14724.156645823314
6468415,24246.814373897698
6468416,57005.444444444445
6468417,64817.48677248679
6468418,65302.91887125221
6468420,125632.88139329807
6468421,69067.23765432097
6468422,66229.45326278658
6468423,66028.66181657847
6468428,74464.75595238093
6468429,24879.109347442678
6468430,62406.4235610069
6468431,68603.3024691358
6468433,17079.130992464325
6468440,30128.679453262786
6468441,13809.999338624342
6468442,31360.029361071032
6468444,38197.729276895945
6468445,61904.5634920635
6468448,13274.11690315857
6468452,31525.154120570784
6468453,39617.400793650784
6468454,97396.46825396823
6468455,39193.70370370371
6468458,85498.95923520923
6468465,55042.24867724868
6468467,14587.92588584255
6468469,14164.165544332207
6468470,14545.117524450854
6468471,15205.77651515151
6468475,19807.840608465605
6468477,89349.56128747795
6468478,83402.39858906525
6468479,13676.254409171075
6468480,12599.631834215168
6468481,15205.099647266314
6468482,15252.970017636684
6468483,15165.377425044093
6468484,15280.816798941798
6468488,66241.471661055
6468489,12593.895001603334
6468490,14480.91498316498
6468511,15916.679215845883
6468513,43420.35894660895
6468514,53515.18077601412
6468515,103450.69444444447
6468527,9385.08134920635
6468528,32761.111111111106
6468529,13261.87493987494
6468531,18709.689153439147
6468534,23400.454144620817
6468535,18328.4942680776
6468536,27221.514550264554
6468537,26491.388888888883
6468538,24171.715167548507
6468539,55766.27164502163
6468540,61016.611552028226
6468542,72186.99735449736
6468543,60619.367283950625
6468544,100797.13403880068
6468545,112680.85537918872
6468546,17962.450396825396
6468547,36603.56040564375
6468549,37839.320987654326
6468550,40156.851851851854
6468551,13714.701879910213
6468552,15489.662698412696
6468553,18552.52645502645
6468554,28420.173721340376
6468555,43349.933862433856
6468556,49079.3899310566
6468557,49514.49575116241
6468558,50808.64858906525
6468559,57412.350088183404
6468560,69498.74999999999
6468561,22729.552028218695
6468562,24679.62522045856
6468563,25420.643738977084
6468569,7107.283068783069
6468570,23209.30345117845
6468577,13827.2905643739
6468578,13827.2905643739
6468580,10993.495811287477
6468581,14534.866402116402
6468582,14144.88315696649
6468583,18770.989858906523
6468584,18770.989858906523
6468585,25109.80930335097
6468586,22718.38624338624
6468587,23217.771164021164
6468588,23217.771164021164
6468589,25377.480459355455
6468590,25586.93342151675
6468591,25586.93342151675
6468592,25661.93342151675
6468593,25821.891534391532
6468594,27523.68496472662
6468595,32761.111111111106
6468596,33048.981481481474
6468597,18312.00176366843
6468598,27966.35361552028
6468599,28514.457671957665
6468600,28237.171516754857
6468607,15129.757054673722
6468608,18422.81746031746
6468609,32183.928571428572
6468610,32211.81216931217
6468611,26129.949214365886
6468612,28880.394821228154
6468613,28932.410213243547
6468614,38618.88227513227
6468615,38225.253527336856
6468616,41126.53042328042
6468617,41305.5119047619
6468618,42768.641895141904
6468619,38642.20759179093
6468620,44383.53306878307
6468621,29973.017075517077
6468622,29973.017075517077
6468623,31147.147466730796
6468626,23375.960758377427
6468627,22817.98941798941
6468628,27027.91931216931
6468631,19443.922839506173
6468945,35669.510582010575
6468946,35569.55868205868
6468947,56249.92724867724
6468948,25191.2652316819
6468949,12643.493225909893
6468950,15834.303350970016
6468951,65268.02469135801
6468975,33065.86199294533
6468976,36385.84175084174
6468979,42873.76964085297
6468980,42804.920434503765
6468981,43093.491863075185
6469060,29929.97354497355
6469061,20580.359347442678
6469062,22358.686067019404
6469063,21855.14770723104
6469079,28953.809523809527
6469080,31783.282627865963
6469081,46119.51940035274
6469082,44051.58950617284
6469083,78302.733686067
6469085,58534.274691358034
6469090,30027.60471781305
6469091,39513.77557319223
6469092,39040.1865079365
6469093,41584.80291005291
6469094,39459.33221099887
6469095,44376.050184383515
6469096,45610.76358826359
6469097,45107.33325316659
6469098,46767.26050184383
6469099,47776.77890011223
6469100,53841.67989417989
6469101,53395.35052910053
6469102,57587.66534391534
6469104,39735.126463043125
6469106,42722.408730158735
6469108,37827.719456469466
6469109,25813.73677248677
6469113,48174.814814814825
6469115,25799.42019400352
6469117,32226.807760141095
6469124,26831.23456790123
6469125,20831.924569257906
6469127,57924.92524450858
6469128,31815.562169312172
6469129,19186.48809523809
6469130,32971.33201058201
6469131,32529.96693121693
6469132,32948.979276895945
6469133,20830.824514991185
6469139,72016.14478114474
6469140,73406.96268237934
6469141,23420.431216931218
6469142,30395.54894179895
6469143,29313.26499118166
6469145,31866.533289241615
6469146,41343.88227513227
6469147,23290.715608465605
6469148,31344.328042328038
6469149,34487.46151996152
6469150,43228.510802469136
6469151,45086.41754850089
6469152,43922.61904761905
6469153,43275.634920634926
6469154,65925.33179012344
6469155,89186.08766233765
6469156,66662.69761103096
6469157,91948.98148148147
6469158,84991.25140291807
6469159,84310.98324514992
6469160,88627.25749559086
6469161,90187.69620811287
6469162,39532.90383998718
6469163,39879.99779541446
6469164,40201.853455186785
6469165,69344.39654481321
6469166,43402.270445603775
6469167,37710.356261022935
6469168,39661.42962962963
6469172,14651.165343915345
6469201,17036.094828011494
6469218,28173.38624338624
6469221,43507.10008818342
6469222,54836.913981080645
6469248,11422.296075837743
6469249,11581.391093474427
6469251,11236.707451499118
6469252,11253.516313932982
6469253,15469.33311287478
6469254,12497.591490299823
6469255,12186.719576719577
6469256,13813.831569664902
6469257,15809.023769440437
6469258,14257.647707231043
6469259,14267.414021164019
6469260,14231.798941798941
6469261,14231.798941798941
6469262,16678.346560846563
6469263,20235.341710758374
6469264,20235.341710758374
6469265,7388.177689594358
6469267,7482.070105820104
6469268,9387.770562770562
6469270,7070.811948853615
6469272,9671.91578483245
6469273,9815.861992945323
6469274,10477.496252204584
6469275,9585.746693121693
6469276,11106.67011383678
6469278,11429.830246913583
6469280,12318.842151675488
6469281,11602.322530864198
6469282,11834.144420394421
6469283,11540.394620811287
6469284,11444.080487413821
6469285,11444.080487413821
6469286,11608.593474426807
6469287,11628.529541446207
6469288,11834.144420394421
6469289,11729.775132275136
6469290,11608.593474426807
6469291,11358.348765432098
6469292,11484.281305114639
6469293,11358.348765432098
6469294,11694.653679653682
6469296,14157.325837742506
6469297,13800.925925925927
6469298,12546.029982363316
6469299,12613.742283950616
6469300,14985.631613756614
6469301,11907.324735449736
6469302,12640.810185185184
6469303,12440.53020282187
6469304,12498.109567901236
6469305,12640.810185185184
6469306,13423.49206349206
6469307,14110.927028218694
6469308,6510.031966490298
6469309,6668.199294532627
6469310,8328.845258136926
6469311,8131.695987654321
6469312,10684.931657848323
6469320,15532.129629629631
6469380,20188.74559082892
6469381,24196.704144620813
6469384,28777.730294396966
6469386,10634.351851851852
6469387,10629.433862433862
6469388,50594.971001221
6469389,52928.51972101972
6469390,50175.617283950625
6469392,13976.884920634919
6469393,15843.604176687506
6469395,8865.634751051419
6469471,15467.924637091304
6469472,16291.480633563968
6469473,14281.139770723106
6469474,15025.569885361552
6469475,13460.32517636684
6469476,13140.447530864194
6469477,12802.712361712363
6469478,12663.102453102456
6469479,12480.627204585537
6469480,14211.548721340389
6469481,14183.971560846561
6469482,14275.17195767196
6469522,26470.0
6469523,23561.428130511464
6469524,23685.577160493824
6469525,23685.577160493824
6469526,76331.32495590829
6469527,50028.187830687835
6469528,22291.596119929458
6469529,22528.251763668428
6469530,25835.64797979798
6469532,45299.0343915344
6469533,88562.43474426809
6469534,50639.885361552035
6469535,36320.20502645502
6469536,58030.850970017644
6469538,20584.479617604615
6469539,28174.19312169312
6469540,11966.17482363316
6469541,27285.008818342158
6469542,27688.779661696328
6469543,90023.94179894181
6469544,17472.367724867727
6469545,30087.67636684303
6469546,11654.891754850089
6469547,11215.84064854898
6469548,11207.198673240338
6469549,11207.198673240338
6469550,11215.84064854898
6469551,10443.378968253966
6469552,11367.582671957673
6469553,12645.63564213564
6469589,8932.255291005291
6469594,12967.828483245152
6469595,16909.877645502642
6470170,41195.15211640211
6470171,42125.052910052895
6470245,12147.638888888892
6470246,12363.57142857143
6470249,15288.267195767196
6470250,16110.313051146386
6470302,8113.953843995511
6470354,35724.065255731926
6470356,11743.353174603175
6617957,41487.91288957955
6618045,11612.291887125222
6618055,11549.583333333332
6618056,11508.445767195764
6618057,11816.527777777777
6618061,15149.541446208113
6618066,21994.951499118164
6618071,14744.107142857141
6618072,15182.438271604939
6618073,21107.148368606697
6618074,14791.33597883598
6618076,16750.44312169312
6618077,16990.75396825397
6618080,30047.763949013955
6618105,82966.96649029985
6618156,33909.55206830207
6618190,80059.21296296298
6618199,48081.80114638448
6618204,106527.9232804233
6618220,57537.86816578486
6618221,61696.27425044092
6618246,19517.294973544973
6618249,21072.75252525252
6618253,22022.215608465605
6618280,23643.75992063492
6618321,18852.860549943885
6618365,17262.111992945327
6618372,26697.043820377155
6618377,38197.010582010575
6618383,22860.617283950618
6618392,35964.761904761916
6618426,16830.119047619046
6618466,75161.87169312169
6618484,52095.26014109348
6618521,58348.78747795414
6618538,49329.28571428574
6618568,31909.82804232804
6618817,15279.70198011865
6618884,12530.437830687833
6618895,33745.09842472343
6618897,16179.508377425042
6618905,15367.935666185664
6618975,13378.734567901234
6618976,14292.24206349206
6618999,47969.969135802465
6619029,49372.0348324515
6619031,12661.790564373896
6619046,17848.85582010582
6619055,54680.52248677248
6619061,66254.78054353053
6619086,19290.41446208113
6619100,9326.075396825398
6619235,12849.754850088182
6619236,12714.940035273368
6619237,12799.754850088182
6619238,13631.040564373896
6619239,19517.551807760137
6619240,18225.145101811766
6619241,19157.922178130506
6619242,19410.36265432098
6619264,28946.703944203942
6619265,28777.308000641333
6619308,38923.73536956872
6619321,33002.67967372134
6619338,16053.32671957672
6619339,24664.514991181666
6619356,84066.50793650793
6619364,15054.737654320987
6619365,22313.633156966487
6619372,12756.110670194004
6619523,34569.79361687696
6619757,38644.2438271605
6619759,13574.731040564373
6619761,24498.04453262787
6619769,48009.15023248358
6619838,44917.90123456791
6619858,36721.9532627866
6619862,61393.639940306595
6619868,15159.5028659612
6619891,61143.62874779541
6619893,53812.44488536155
6619896,75532.98941798939
6619909,25040.57539682539
6619950,38983.68827160494
6619955,13796.679402387734
6619957,39747.323633156964
6619959,68323.03791887127
6619961,28254.13580246914
6620034,20526.334575917914
6620051,7354.610670194004
6620065,10673.589265672597
6620068,11499.09722222222
6620072,12140.27958152958
6620077,12382.274029982367
6620086,15250.426587301588
6620094,6918.476851851853
6620109,15340.261303511303
6620126,15506.68049543049
6620130,29725.090388007055
6620133,11943.748897707235
6620142,16060.229276895945
6620157,16248.061668270002
6620162,15779.838784672116
6620171,16230.647045855378
6620174,16248.791887125222
6620191,6733.725749559084
6620409,19011.1044973545
6620410,18789.592151675486
6620411,19416.838624338623
6620472,69772.77116402118
6620482,77392.57936507938
6620498,31112.13203463203
6620526,77613.39947089947
6620531,51485.36596119929
6620628,20262.036596119928
6620694,24667.012786596122
6620700,13404.91001282668
6620722,15759.28130511464
6620726,12988.214486131155
6620848,20085.49358666025
6620850,19059.727132435462
6620852,14918.063302438297
6620879,17031.673881673883
6620885,13816.29449254449
6620890,12171.218694885361
6620892,14356.652557319225
6621151,6630.896985730318
6621157,9553.461719576719
6621160,9553.461719576719
6621161,10725.273350970016
6621164,9311.27741622575
6621165,12248.257266313934
6621169,14193.623236331572
6621189,16807.855238896907
6621191,20537.0898669232
6621208,11970.498897707235
6621253,12430.3021685105
6621258,16445.027777777785
6621260,13066.790444123775
6621282,14175.71944105277
6621325,10143.944885361552
6621326,10143.944885361552
6621339,16633.652116402118
6621350,15284.104938271605
6621351,9589.27447089947
6621352,9810.406665864999
6621365,6968.593915343916
6621373,15670.120731120729
6621379,33443.3311287478
6621391,28533.531746031742
6621393,28466.69973544973
6621399,38211.186067019386
6621402,33144.1622574956
6621412,50162.82186948853
6621413,45037.25071225072
6621434,17774.79497354497
6621436,22077.21164021164
6621446,29695.13888888889
6621453,39990.4532627866
6621460,42948.13844797179
6621462,44842.79673721341
6621464,60682.841710758374
6621467,40188.17460317459
6621468,39148.71303079637
6621471,46999.376102292765
6621474,78856.06541606541
6621476,54180.630511463845
6621477,60080.69003527337
6621511,12055.540123456789
6621516,12819.034391534387
6621517,12058.983686067018
6621518,24113.29124579125
6621524,30384.254850088186
6621527,31445.9479717813
6621536,66655.38359788359
6621579,7735.6917989418
6621589,7683.141534391534
6621611,8676.231481481484
6621619,10074.361111111108
6621626,8417.277777777777
6621629,9029.688832772164
6621644,8297.093374218373
6621668,8717.498015873016
6621677,10629.46869488536
6621681,7515.314814814816
6621682,6360.888227513228
6621684,6989.179012345679
6621687,11638.21913580247
6621692,13365.212081128755
6621693,11991.82107583774
6621700,11061.457451499116
6621705,10219.195045695042
6621726,14256.651234567897
6621736,15807.726190476187
6621745,25632.287157287155
6621751,25230.08257174924
6621753,29117.29677729678
6621754,27445.573993907325
6621759,29207.092151675486
6621765,45478.70370370371
6621767,27092.996879663548
6621768,40024.065656565646
6621775,43839.09732243066
6621784,32794.56349206349
6621794,53642.235449735446
6621795,53377.65873015873
6621799,56410.96921596922
6621801,71897.15388007053
6621802,69535.43430335098
6621806,53432.354497354485
6621807,67043.68165784834
6621810,51750.0833734167
6621813,63433.98148148149
6621823,19681.523368606708
6621833,12423.595238095237
6621839,11496.003306878307
6621840,12347.029276895943
6621844,11761.865520282185
6621849,11899.639770723103
6621853,10110.402457110788
6621859,14452.755772005772
6621861,13221.858465608468
6621862,12607.922178130513
6621863,14324.871252204586
6621864,13092.811728395058
6621869,13488.36860670194
6621870,14361.339285714286
6621871,13546.842592592591
6621875,19973.81349206349
6621878,16818.10545935546
6621882,18112.949655282988
6621890,12963.432980599648
6621891,12405.867404200739
6621892,12963.432980599648
6621893,12963.432980599648
6621898,18481.719576719577
6621900,17294.448051948053
6621905,22356.744227994226
6621912,14761.600729517393
6621917,30157.65873015873
6621920,17461.527370777378
6621923,16464.30202821869
6621927,16586.38748597082
6621929,17583.61111111111
6621930,22251.661794995125
6621932,16555.01683501684
6621936,18091.04938271605
6621951,16943.64407968575
6621953,16772.180335097004
6621954,21676.886323552993
6621955,30450.866402116408
6621967,21591.243386243386
6621977,16207.973985890654
6621978,18427.22412618246
6621980,18465.089506172837
6621985,24557.083333333332
6621988,28521.818783068793
6622001,26497.089947089942
6622028,24826.27425044092
6622033,26485.068342151673
6622051,21859.416225749555
6622070,26354.906084656075
6622071,28711.56349206349
6622072,29463.715728715735
6622088,25463.535714285717
6622092,27460.230379188713
6622096,11421.741452991451
6622100,28835.126322751326
6622101,30964.009539842875
6622104,29830.07275132275
6622106,29477.233245149913
6622107,26921.838624338623
6622108,26921.838624338623
6622109,26921.838624338623
6622110,19354.743787077117
6622111,27431.236772486773
6622112,25996.08465608466
6622113,27431.236772486773
6622114,28809.1975308642
6622115,29830.07275132275
6622116,28330.046296296296
6622117,28330.046296296296
6622118,30819.874338624337
6622120,30436.249398749398
6622121,28230.160934744265
6622124,27775.518077601406
6622129,29496.973104056437
6622160,13312.347883597882
6622163,19840.918510501848
6622165,13656.991843033507
6622169,30932.170634920636
6622170,31153.61116402116
6622174,28250.935846560853
6622175,30436.249398749398
6622176,30927.942520442528
6622185,30058.44356261023
6622186,30927.942520442528
6622187,60777.903439153444
6622207,13016.8835978836
6622214,14195.912698412696
6622225,25348.053872053875
6622226,26539.546216129547
6622230,30127.327441077436
6622231,31252.51322751323
6622232,30927.942520442528
6622233,30927.942520442528
6622234,30927.942520442528
6622242,78729.27048260382
6622252,15053.04694564695
6622258,15069.406565656565
6622259,13964.928350970014
6622262,19962.39858906526
6622273,12422.340668590667
6622310,15534.64256453423
6622311,15682.82848324515
6622358,16998.783289241623
6622359,29980.634319384328
6622615,26852.27513227514
6622624,10243.031204906201
6622627,7401.6009700176355
6622652,39978.22001763668
6622696,30552.881393298056
6622697,28966.68430335098
6622698,29237.936507936516
6622715,26070.497434664103
6622716,27666.122303622305
6622728,39992.64991181659
6622731,43588.77204585539
6622746,15456.520061728397
6622747,15794.099426807761
6622748,17487.92237854738
6622749,19252.731481481485
6622756,24991.401887125216
6622758,24991.401887125216
6622809,11840.565696649031
6622811,13397.858465608468
6622831,53170.87301587302
6622835,52312.22442680776
6622866,19597.251984126986
6622886,93038.96164021164
6622896,28856.68209876544
6622897,29497.998236331572
6622898,26932.51984126985
6622907,28016.243787077132
6622932,23065.572089947094
6622942,74987.39538239538
6622947,63553.81493506494
6622948,54626.62578162578
6622953,40838.14373897707
6622956,33369.25264550263
6622957,34399.79497354499
6622975,14151.169753086422
6622977,11805.970590027258
6622978,14045.093915343918
6622988,66574.58333333333
6622990,67613.47222222222
6622991,68958.36419753084
6622992,68631.24559082893
6622998,24375.770502645497
6623003,20823.772045855378
6623004,19388.02028218695
6623005,23968.948412698413
6623006,23267.710978835978
6623009,41670.97222222222
6623026,29483.61111111111
6623066,37499.31978515312
6623067,34861.798941798945
6623068,36047.224426807756
6623070,37263.25396825397
6623074,45152.55291005292
6623076,48007.411215327884
6623119,15600.56910373577
6623137,11548.69003527337
6623187,13285.940917107584
6623208,45266.588263588266
6623209,48148.7508818342
6623213,51895.84215167549
6623225,64751.948853615526
6623230,68760.5529501363
6623233,69374.85830527499
6623235,66384.29453262786
6623238,69438.13472021806
6623239,66670.45668837335
6623241,73627.8317053317
6623243,67692.1923755257
6623245,71761.09788359789
6623269,48841.30511463845
6623273,54813.39506172839
6623290,15136.340388007056
6623310,21831.617063492067
6623311,16116.585537918867
6623318,87801.23677248678
6623323,87874.77645502645
6623327,104453.28042328045
6623329,94050.82142857142
6623331,90956.95105820106
6623348,112136.01190476188
6623398,20147.552910052906
6623399,20795.058221099884
6623404,36149.35846560847
6623414,15345.789241622571
6623419,15693.190035273368
6623425,25878.162948162953
6623427,26071.95997675164
6623428,26113.944444444438
6623435,32039.400352733697
6623476,34916.238876863885
6623477,31006.54210758378
6623478,32346.95767195767
6623495,27989.309964726628
6623504,76425.02585377583
6623506,38201.02934102934
6623514,56840.87081128749
6623518,63426.72178130513
6623521,48110.022677939356
6623556,34385.80687830688
6623572,74008.88227513229
6623586,69274.42019400353
6623589,78387.49338624338
6623593,23773.56746031746
6623600,43840.09555876223
6623601,48582.73059964727
6623610,41492.87037037037
6623612,48873.196649029975
6623616,44238.880070546744
6623618,48488.5704264871
6623623,28751.5520282187
6623631,76432.9690957191
6623632,77643.82716049383
6623640,9887.072530864198
6623649,40698.6044973545
6623652,37958.95105820106
6623662,45357.572751322754
6623666,72828.26234567902
6623669,13437.974927849928
6623675,20015.62720458554
6623677,20707.21119929453
6623678,21040.16444203944
6623679,21128.16217732884
6623680,21128.16217732884
6623692,19758.247354497355
6623699,13144.656084656082
6623704,18646.11790524291
6623719,14677.723765432094
6623721,15216.767075517078
6623744,16281.538580246914
6623747,18768.34670113837
6623750,20798.611772486776
6623756,20848.39484126984
6623776,18203.523448773452
6623795,12255.34479717813
6623801,59975.02825877826
6623841,13190.618145743147
6623846,19078.139329805996
6623857,41209.35405643739
6623858,37700.35273368607
6623867,16239.977954144622
6623874,21464.17007375341
6623877,21159.876543209873
6623885,26056.369648869662
6623886,27769.381613756606
6623891,8896.768939393938
6623903,61188.58024691357
6623912,37091.937830687835
6623913,35793.01707551707
6623951,31048.991402116404
6623971,29127.671356421364
6623972,29019.355659772333
6623978,78575.6781305115
6623980,80417.25000000001
6623981,80726.36375661376
6623991,80720.33862433863
6623998,79652.44440436107
6623999,79650.76891935225
6624016,48174.02998236331
6624019,45799.35626102293
6624030,17805.839947089953
6624035,18714.336419753083
6624044,17863.002645502645
6624046,7799.7517436267435
6624049,18998.069985569982
6624056,18902.061287477958
6624060,24706.50793650794
6624075,25927.2552910053
6624079,31620.068141734806
6624083,42740.687830687835
6624084,39626.28527336861
6624102,14463.432499599165
6624103,15487.277506444168
6624157,95687.55631713965
6624169,63191.40520282188
6624172,64743.309804393146
6624176,18108.399470899472
6624177,20668.824955908294
6624179,19043.833774250445
6624180,20386.001483084812
6624181,20392.945927529257
6624182,19306.331569664904
6624184,18883.11287477954
6624186,27309.666005291012
6624196,33137.88359788361
6624197,35220.36736411737
6624198,28911.93959435627
6624200,31029.1807960558
6624201,29356.310726310727
6624209,10985.30335097002
6624214,19187.88492063492
6624215,20525.768077601406
6624248,69071.55864197532
6624255,82092.92448292447
6624257,40813.73985890654
6624258,64198.01226551226
6624274,28102.2095959596
6624280,11919.017275933944
6624290,12241.837081128748
6624295,22889.610670194008
6624301,41802.272326438986
6624303,45596.19388327721
6624309,43513.94961519961
6624311,43665.62790604458
6624313,11117.329585537918
6624315,12245.864638447974
6624316,11286.18209876543
6624345,17649.75925925926
6624360,37992.954144620824
6624371,17629.755291005284
6624374,23706.065015231678
6624375,16674.182659932667
6624381,17722.66714766715
6624383,17869.229100529097
6624395,36965.32848324513
6624406,38190.487213403874
6624407,35759.67372134038
6624410,63416.70634920635
6624412,66993.5119047619
6624413,39612.02160493827
6624417,68321.51455026455
6624418,66033.15696649029
6624422,37456.45943562609
6624429,15480.778294236625
6624431,15215.209876543211
6624433,17207.254188712523
6624437,16557.46164021164
6624438,15669.438051146388
6624439,15669.438051146388
6624471,36651.42305996474
6624472,33011.70634920635
6624474,38390.46296296296
6624476,39422.81305114638
6624484,41739.51058201059
6624485,41518.2683982684
6624490,30644.377645502642
6624509,17889.04651675485
6624511,22891.038359788367
6624514,28733.98148148149
6624539,32810.41987333655
6624550,20782.383156966487
6624569,41674.90740740741
6624570,74535.30423280422
6624571,43829.23941798943
6624575,43557.28276353276
6624576,41693.43033509701
6624583,23461.082451499118
6624594,52126.38468013468
6624595,54747.28194644862
6624598,57084.38458146792
6624601,55181.83541766876
6624621,38485.18518518518
6624629,36378.892496392495
6624630,34123.369207952535
6624632,29937.028727445406
6624659,15328.084616001284
6624660,14788.009860509861
6624661,17573.399270482605
6624679,18386.713624338623
6624690,14556.031305114639
6624691,13548.010890652558
6624702,37215.09700176366
6624709,38123.115079365096
6624713,46448.59567901233
6624718,12143.909001492339
6624721,21617.579365079368
6624723,16922.149470899472
6624730,35059.705186788524
6624734,38338.701499118164
6624738,39238.77845919512
6624741,40575.400633317295
6624742,41237.74631232965
6624746,44183.03350970017
6624748,32490.160934744268
6624749,45017.96737213404
6624751,49286.250200416864
6624763,18032.89241622575
6624764,16899.331569664908
6624770,29762.746913580246
6624772,25181.63800705468
6624783,108278.95061728396
6624796,22236.878306878312
6624797,24270.978635561973
6624829,46488.1216931217
6624830,45723.73096039764
6624833,48091.289682539675
6624837,51260.71208112874
6624843,58776.72619047617
6624844,58005.54894179895
6624845,64893.288039121384
6624848,63508.50749559083
6624849,56999.473104056444
6624852,60729.149029982356
6624854,60209.27248677249
6624855,60209.27248677249
6624857,62554.60097001762
6624859,60729.149029982356
6624861,67325.928978429
6624862,65769.19312169313
6624864,62261.650386650384
6624867,63036.1507936508
6624871,67859.72222222222
6624878,34924.27910052911
6624881,14575.729156645823
6624894,42522.03976270643
6624895,41750.01014109348
6624901,13477.753527336863
6624902,18179.69797178131
6624903,14538.540564373901
6624909,15816.656063812734
6624910,15600.26246592913
6624921,16212.262962962965
6624930,30600.88403880071
6624940,15743.70372374539
6624951,34663.54497354498
6624965,37853.046737213415
6624969,36152.45550745551
6624970,35000.50966009298
6624972,35655.08597883598
6624977,30837.105379188713
6625011,45795.66137566137
6625012,45059.44444444443
6625017,34223.47462722461
6625018,32737.506613756614
6625040,26751.85405643739
6625048,33540.630511463845
6625057,15660.084375501041
6625065,61548.3134920635
6625070,14830.31040564374
6625072,21046.533249158252
6625078,20560.9912618246
6625092,71670.38800705467
6625093,67053.95723104058
6625106,127645.94236010905
6625107,121500.04409171076
6625114,93703.5648148148
6625117,103336.67107583774
6625124,93781.77469135802
6625126,93808.33994708995
6625146,37132.852733686064
6625160,20718.64417989418
6625164,20944.970238095233
6625175,37119.62301587302
6625202,22613.79541446208
6625206,16921.183862433863
6625241,29243.384038800705
6625242,31246.125340708677
6625271,13878.915343915347
6625272,15357.786596119926
6625273,14050.762786596119
6625277,13419.629629629631
6625279,18395.284391534387
6625290,57219.86331569665
6625292,17340.08016674683
6625298,69069.53703703705
6625299,39439.0930335097
6625308,45765.91005291005
6625309,42383.13367805035
6625313,42108.72538880872
6625323,20422.638888888887
6625324,16674.341269841272
6625334,24836.55202821869
6625341,28343.97486772486
6625368,31569.18650793651
6625369,33164.78375020042
6625371,32902.409611992945
6625379,21727.17620650954
6625382,22142.863395863402
6625383,24868.29208754208
6625388,21168.45001603335
6625389,24140.256373256372
6625392,22471.61185419519
6625395,21919.455467372132
6625396,22523.353174603173
6625398,22142.85273368607
6625413,26987.545695045697
6625424,16645.081569664908
6625427,13674.435626102293
6625428,13693.695767195768
6625444,41058.300264550264
6625452,20213.51661455828
6625453,16822.272927689595
6625460,62032.91005291006
6625461,62595.072751322754
6625464,14190.8487654321
6625466,13693.695767195768
6625468,11680.772412772412
6625471,14596.36463844797
6625481,19429.257054673722
6625494,33302.665343915345
6625497,31431.093915343918
6625514,36843.47883597884
6625516,36630.75897867564
6625517,38326.94775132276
6625518,43669.65858986694
6625542,45206.560846560846
6625546,85728.3134920635
6625547,55208.338013838016
6625550,72814.62962962965
6625576,20358.674795574792
6625577,19951.84699374699
6625578,19216.39710598044
6625579,21890.725308641977
6625583,21082.186447811444
6625599,50356.70374378708
6625600,47237.33245149912
6625603,49728.8888888889
6625613,12232.630952380954
6625628,53444.179292929286
6625631,53444.179292929286
6625635,62890.857784191125
6625636,63513.92977392977
6625660,26007.513227513227
6625662,23409.85890652557
6625664,22522.590388007055
6625669,20158.273809523813
6625670,21880.001763668435
6625675,20688.302228635566
6625677,19634.424663299673
6625680,92950.376984127
6625684,90221.93021484689
6625685,106599.99338624338
6625695,20721.28086419753
6625710,28826.0758377425
6625711,44587.945326278656
6625723,46561.194885361554
6625728,33472.775132275136
6625730,35779.86772486771
6625739,47580.343474426816
6625760,62218.66622574954
6625767,68928.23412698413
6625772,69807.78218694884
6625784,55286.32936507936
6625785,68183.78527336862
6625787,65340.0352733686
6625794,58946.68430335097
6625795,58946.68430335097
6625802,58562.23544973546
6625805,59710.64373897707
6625806,58423.56261022929
6625807,62668.67945326278
6625813,67901.81878306877
6625814,63376.36463844796
6625816,60994.34483726149
6625818,60669.14902998237
6625829,92753.24735449736
6625831,92631.3946208113
6625832,91615.66578483247
6625835,111036.18787077117
6625872,48495.05952380951
6625874,17588.367724867727
6625881,94574.274691358
6625963,102297.37493987494
6625971,94488.48104056438
6626001,88325.73853615519
6626032,66788.47663139332
6626033,67033.57142857142
6626049,79700.09038800707
6626053,86830.8725071225
6626057,84804.98677248677
6626072,46236.94885361552
6626073,45626.278659612
6626075,59321.94003527339
6626081,73120.46408529743
6626085,90751.89814814815
6626097,68812.62345679013
6626098,69619.42692801026
6626105,73543.39285714286
6626112,74830.05460588796
6626117,96097.45590828927
6626122,91503.44135802469
6626133,121378.55591630592
6626141,63808.91754850087
6626144,58954.74206349207
6626146,63450.91430174763
6626147,62766.49470899472
6626151,64499.58553791887
6626157,67662.05687830687
6626159,64973.0004409171
6626166,15082.571869488535
6626172,83385.85137085138
6626177,87085.95797720797
6626184,111217.51322751325
6626288,82771.63520121855
6626291,86981.78350970018
6626307,73749.09145021647
6626314,83872.44488536155
6626322,81914.31417348083
6626328,82924.2328042328
6626333,66007.08152958153
6626462,26100.38159371492
6626465,26304.34964726631
6626466,26273.794091710755
6626547,80164.33641975308
6626548,78784.30134680135
6626554,30647.493386243386
6626593,32567.717652717653
6626628,67954.85008818342
6626631,71987.03924162258
6626634,86677.39417989418
6626635,85608.28703703702
6626638,93223.59126984126
6626640,29291.54320987655
6626643,26072.778659612
6626644,19774.22310405644
6626646,20006.395502645504
6626648,29587.60582010582
6626653,30565.54393137727
6626656,35291.94223985891
6626658,33221.38227513227
6626691,31622.23985890653
6626694,26781.644620811287
6626703,31349.93716931217
6626704,28474.307760141095
6626712,33831.99845679013
6626714,33654.91903158568
6626716,34215.96400513066
6626718,35439.65277777778
6626719,35464.344135802465
6626723,35464.344135802465
6626731,34185.55114638448
6626733,35002.954144620824
6626735,36624.19753086421
6626738,88535.62389770722
6626755,78878.45238095238
6626760,30430.039682539682
6626761,31823.527336860665
6626765,32335.55126971794
6626770,33122.56814173481
6626776,96752.6234567901
6626777,95102.01719576718
6626826,14382.782186948853
6626830,15472.837301587306
6626831,15860.063932980594
6626846,22991.375661375663
6626847,23577.407407407405
6626848,25762.347883597882
6626866,29347.996031746035
6626868,36532.852733686064
6626869,30824.4246031746
6626871,33320.70546737213
6626954,38465.10582010582
6626955,40359.783950617275
6626962,45859.069504569496
6626966,51185.096721180074
6626972,67268.67063492064
6626980,66361.86507936507
6626982,69477.99603174604
6626992,113278.25809684145
6627000,115512.07744107745
6627005,121392.23633156966
6627006,131467.23985890648
6627009,131604.54144620808
6627043,13349.847282347286
6627057,25309.902597402594
6627059,27360.86243386244
6627060,28403.840388007062
6627062,30370.316859066865
6627069,46010.05511463844
6627070,45048.694885361554
6627071,48749.29012345679
6627072,47207.5639329806
6627087,57965.18518518517
6627089,58541.871693121684
6627090,68202.89021164019
6627111,63922.563932980585
6627116,66418.94620811287
6627117,42963.136684303354
6627130,12672.618386243386
6627131,12738.951058201059
6627204,83063.35758377425
6627207,58746.26763668431
6627208,35277.49559082893
6627212,63357.73148148149
6627213,66124.91622574956
6627214,69150.84656084656
6627219,82839.75925925927
6627293,33905.97001763668
6627300,54237.010582010604
6627304,13197.992724867729
6627310,57451.12674362674
6627320,76979.14021164022
6627321,78076.10008818343
6627322,55263.205467372136
6627323,55263.205467372136
6627325,82314.6164021164
6627326,55263.205467372136
6627327,55263.205467372136
6627328,55263.205467372136
6627329,55263.205467372136
6627330,55263.205467372136
6627331,55263.205467372136
6627332,55263.205467372136
6627333,55263.205467372136
6627334,55263.205467372136
6627353,20781.170634920632
6627371,103045.13668430336
6627377,103631.86067019403
6627407,99168.51491101492
6627410,98523.24575116241
6627411,94024.04541446209
6627413,111586.24178290843
6627415,107359.06746031746
6627416,111036.37846721179
6627426,59561.031746031746
6627427,63061.44340227672
6627429,69074.50176366844
6627430,65408.77865961199
6627431,65506.926807760145
6627466,67379.4312169312
6627467,102004.63403880071
6627473,115780.84495751162
6627479,98952.4146224146
6627481,100620.71268237935
6627482,100620.71268237935
6627497,87780.74514991183
6627504,91552.4390732724
6627509,88821.94264069264
6627514,88056.63399871734
6627517,89082.65732724067
6627521,87681.02172518839
6627522,89748.8712522046
6627531,96363.69368286034
6627540,20350.14630431297
6627548,17904.04611592112
6627551,19887.400994067666
6627555,81303.87025012026
6627556,22156.080246913574
6627559,26561.457231040564
6627560,24706.490299823636
6627561,25173.944003527336
6627562,27151.269841269837
6627566,27010.026455026462
6627569,26115.1455026455
6627570,25736.38227513228
6627571,26588.538359788367
6627572,31568.769841269845
6627580,20600.383597883596
6627615,17791.856962481957
6627625,93144.71520763189
6627658,88539.47751322752
6627665,61429.206349206346
6627666,20309.13195446529
6627700,66655.92592592593
6627715,88303.95963604297
6627721,93558.98589065255
6627741,13165.909932659932
6627743,13967.096500721498
6627747,35600.83112874779
6627759,25434.411375661377
6627761,32039.565696649035
6627763,26326.636684303354
6627778,33660.34391534392
6627779,32627.63027096361
6627782,34592.66975308642
6627786,32328.64878948213
6627787,32723.867344075676
6627790,35353.28042328043
6627798,34315.02044252044
6627799,34243.96224146224
6627800,34383.53896103896
6627801,34134.43843193843
6627802,34253.77705627706
6627803,34134.43843193843
6627804,34243.96224146224
6627808,91287.24867724869
6627821,49988.880070546744
6627833,95026.70214045211
6627842,31543.87325637326
6627844,30207.299182299183
6627851,30207.299182299183
6627853,30004.7594997595
6627860,38869.28300094967
6627914,31446.28637566138
6627958,21134.729276895945
6627959,99735.44532627867
6628002,60355.97663139329
6628003,62293.882275132266
6628029,63832.442680776
6628036,81151.32074715407
6628037,80045.39482122814
6628039,92916.48148148147
6628040,87060.01322751323
6628042,12600.550773300776
6628043,13418.01807760141
6628051,13952.234567901234
6628058,15615.4126984127
6628060,16549.849486932824
6628061,16874.52821869488
6628074,30371.507335257338
6628090,38014.711199294536
6628130,30007.709235209237
6628131,27265.372374539045
6628146,83870.2380952381
6628150,75948.30327080328
6628154,65165.80687830688
6628159,81363.55379188714
6628177,34636.554032387365
6628192,32541.347001763665
6628195,32541.347001763665
6628196,32541.347001763665
6628197,32406.79012345679
6628198,32750.94356261023
6628199,32702.504409171077
6628203,38334.801587301576
6628219,81039.47001763669
6628225,17260.978435145105
6628256,12872.833444333444
6628266,67397.24426807759
6628278,96888.89770723104
6628292,98296.1529982363
6628302,14267.5639329806
6628315,31371.313732563736
6628317,31434.95149911817
6628319,30988.747795414463
6628320,31434.95149911817
6628321,32542.219817219826
6628322,33643.701499118164
6628396,12060.619488536155
6628436,95424.07826278661
6628438,97581.66644620811
6628452,94942.70745149913
6628476,92921.12813051145
6628483,36161.85405643738
6628489,42342.6565255732
6628504,30778.672839506162
6628525,15275.017436267435
6628603,69188.68420160087
6628607,75671.79653679652
6628608,51552.74911816578
6628611,64005.82231040564
6628645,16389.944885361558
6628670,45556.12554112554
6628672,48857.7028218695
6628674,59169.98897707232
6628678,47068.20867404201
6628731,59995.13007054676
6628733,68141.57567740904
6628735,67779.77012185348
6628782,62471.88431938432
6628825,13186.32186948854
6628829,14379.222222222219
6628831,14081.632275132279
6628845,15745.025352733692
6628848,16252.05687830688
6628849,15710.159732243066
6628850,14841.647506814174
6628958,99911.47166105497
6628964,99899.01434984768
6629043,18737.880331088665
6629072,69352.37433862434
6629081,72170.08377425045
6629086,83094.47109988774
6629090,81238.53395061727
6629100,89239.74163182495
6629110,71059.95811287478
6629115,62564.44444444447
6629117,64422.53747795412
6629118,69143.75881834216
6629127,13108.449374699376
6629130,15154.73244348245
6629136,14690.205687830688
6629139,15359.25424883758
6629165,59239.60217251884
6629166,80535.89466089467
6629172,16027.066097482762
6629221,96773.58906525573
6629236,98818.02248677248
6629237,98818.02248677248
6629244,99414.30555555552
6629251,94319.22398589065
6629277,88218.94400352733
6629289,95668.17320025654
6629303,24450.277777777785
6629393,42602.888207471544
6629395,43759.12277537277
6629396,47420.06854256853
6629397,42828.25837742505
6629399,44417.08092833092
6629400,49420.20061728395
6629401,51260.939233605895
6629404,57472.43182743182
6629405,50851.63668430335
6629417,15015.714726631395
6629436,68834.30776014109
6629456,15325.05621693122
6629464,15629.111552028218
6629465,14718.123096039764
6629466,16313.19664902998
6629468,14068.501182459515
6629469,14588.163981080648
6629483,14915.995270161939
6629484,14735.3373015873
6629485,99291.24398749399
6629497,14475.809082892416
6629516,35104.237413820745
6629517,34497.99162257496
6629754,37490.727914061245
6629766,51629.817219817225
6629770,71387.66975308642
6629777,69505.3435145102
6629781,70109.08509700176
6629789,82981.64576719578
6629790,82981.64576719578
6629792,80248.93915343916
6629793,80852.95634920636
6629796,38054.13179413178
6629842,46110.8134920635
6629851,44330.842151675504
6629852,50298.77224627224
6629854,43775.43169793171
6629855,47258.12149270481
6629886,73659.39574314574
6629887,75180.52669552671
6629888,79046.34760301426
6629898,82207.39658489657
6629902,14094.425705467369
6629959,74463.41578483244
6629969,82367.59700176366
6629989,20066.76587301587
6630033,28798.530042488383
6630052,18560.643738977076
6630053,18061.177248677253
6630056,20958.147045855378
6630069,16030.15480198814
6630070,17052.351891935225
6630082,14739.349647266314
6630085,18207.861552028215
6630091,15374.537037037036
6630096,31258.904320987655
6630115,16486.366843033513
6630168,26327.08112874779
6630174,33024.3253968254
6630196,49678.53835978836
6630218,10899.336419753085
6630220,41454.90927282594
6630240,43957.25068141735
6630241,34321.559744268074
6630272,15186.7996031746
6630277,12694.093915343916
6630301,15071.631393298065
6630307,17551.51455026455
6630310,16245.044091710759
6630332,44844.047619047626
6630339,54815.69444444443
6630365,11537.734788359787
6630366,71861.16402116403
6630367,47499.936992020324
6630383,17974.879276895943
6630387,17729.314373897705
6630388,75655.35794452461
6630389,12899.993165784836
6630404,14838.117283950616
6630422,14211.322530864198
6630483,37125.224867724864
6630529,13295.447530864198
6630627,78892.36552028217
6630647,14137.73589065256
6630677,18639.508253968255
6630682,16718.18342151675
6630684,35585.19841269841
6630694,18169.13219496553
6630695,14077.691987641987
6630729,16759.38712522046
6630732,15110.542328042333
6630735,14086.619167869165
6630736,14978.131713965044
6630740,28946.523769440435
6630762,19635.06150793651
6630771,25777.519841269837
6630772,24541.349807599807
6630779,20077.66754850088
6630784,24282.40079365079
6630786,22491.46075837743
6630807,19704.534611992945
6630809,55328.61772486771
6630821,13690.82341269841
6630823,44536.88447971782
6630943,16292.136243386243
6630962,21295.8487654321
6630965,14200.899911816576
6630972,15886.744708994705
6630975,24831.642107583775
6630976,13205.60666185666
6630979,15143.77314814815
6630987,19983.765432098764
6630988,16340.28659611993
6630990,19401.060846560846
6630998,16005.872125220454
6631005,24697.875288291958
6631022,23999.36948853615
6631027,22001.466049382718
6631034,23087.5
6631037,29545.975529100524
6631065,10065.740299823634
6631073,42287.408810325476
6631077,38820.348799348794
6631087,24536.402116402114
6631116,45896.80936347603
6631117,45896.80936347603
6631118,74391.52557319224
6631119,74391.52557319224
6631131,16037.3778659612
6631135,15952.585578002243
6631137,30346.350008016674
6631141,18213.786375661377
6631142,18693.592372134044
6631144,56920.975308641966
6631152,20491.009700176368
6631154,21611.20590828924
6631174,79721.58068783069
6631177,58549.157848324525
6631186,25728.11948853615
6631189,70345.50184383517
6631193,76131.17504409174
6631197,14280.249118165788
6631198,14303.079805996478
6631202,17965.438712522046
6631209,26044.095238095248
6631210,26460.26190476191
6631215,25908.72486772487
6631223,47068.780864197535
6631231,56027.9938271605
6631233,73894.04862113195
6631236,74768.8237534071
6631237,77685.11022927689
6631238,80027.96957671958
6631239,80326.7438271605
6631240,57200.890652557304
6631241,58547.63227513226
6631242,51856.95767195768
6631243,53984.06746031746
6631244,56027.9938271605
6631254,14210.873015873016
6631255,22019.220779220785
6631256,25525.2557319224
6631259,35617.519841269845
6631260,35324.104938271616
6631262,29857.402116402114
6631268,66079.04982363316
6631274,73625.27336860672
6631275,77489.08830367164
6631276,73625.27336860672
6631289,16810.415363957032
6631292,22359.29232804233
6631293,47691.920194003535
6631294,40360.537918871254
6631295,57829.20194003527
6631304,78751.89373897706
6631322,28340.874418791085
6631324,58368.520723104055
6631325,72357.48677248678
6631333,114974.00493025496
6631336,14020.320546737212
6631338,22199.883156966494
6631344,43013.39846881514
6631347,47387.01940035273
6631348,51026.618165784836
6631362,55328.61772486771
6631364,33484.937670354346
6631373,76681.72839506173
6631382,30591.311728395056
6631394,16329.944885361554
6631397,12895.165784832452
6631399,13159.174162257495
6631400,12895.165784832452
6631401,10548.938732563733
6631403,28852.136243386245
6631405,35369.07407407407
6631408,38851.00970017637
6631414,13703.532186948854
6631415,10707.975990059322
6631417,11034.72442680776
6631420,11935.679012345678
6631421,11935.679012345678
6631422,11935.679012345678
6631423,12294.886463844798
6631424,12112.422839506173
6631430,19085.469576719577
6631431,19085.469576719577
6631432,18584.72001763669
6631435,40793.02910052911
6631438,43337.557319224
6631439,14073.195767195766
6631440,14777.816818983485
6631453,38236.41093474427
6631458,31278.81032547699
6631461,40302.25308641976
6631462,16992.059082892414
6631467,33593.005491422155
6631469,38962.34507776173
6631470,38197.98721340387
6631471,45992.91085457752
6631473,42219.27248677249
6631475,42798.52292768959
6631477,45612.76895943564
6631480,46086.060405643744
6631481,45980.38800705469
6631484,45538.324514991196
6631486,45488.324514991196
6631487,47797.70803270803
6631490,55683.09523809523
6631497,53868.22831489498
6631499,50237.48797498796
6631501,51225.156325156335
6631503,60122.231040564366
6631513,56476.185320851975
6631514,56917.17797017797
6631519,57408.60670194003
6631520,62505.05070546736
6631522,62247.378747795396
6631523,57299.18638768638
6631526,61115.96340388006
6631528,65065.18298059964
6631530,66358.28583453583
6631531,89221.59251242585
6631544,68125.30824114157
6631548,44190.799062049075
6631549,50559.9470899471
6631550,54853.42640692641
6631557,86979.98897707234
6631558,88832.96817380152
6631566,57193.4898989899
6631568,71979.87814654483
6631572,87561.08766233768
6631577,47690.35934744268
6631578,48922.244468494464
6631583,65458.05776014108
6631584,62542.21119929453
6631585,64228.56581689915
6631604,59479.81701940034
6631607,55186.12794612794
6631611,66071.71737213404
6631625,89251.59391534391
6631629,16441.380070546737
6631635,27135.46296296297
6631640,23993.763227513227
6631643,26386.544973544973
6631644,27721.96538800706
6631645,22943.38624338625
6631652,26621.104497354492
6631655,24329.311947311948
6631663,39235.86199294533
6631665,10748.795414462078
6631667,7611.714145422481
6631674,8454.98697290364
6631676,8432.270723104059
6631680,8590.26058201058
6631683,9397.057098765434
6631689,9818.55974426808
6631690,10349.18783068783
6631692,11096.958994708993
6631699,9368.482804232803
6631708,8837.792167708834
6631709,10203.378146544812
6631711,9503.874438832774
6631713,9404.486992945327
6631715,10249.042548500882
6631716,18213.786375661377
6631726,28835.431497514826
6631730,21323.414902998233
6631743,52470.929533429524
6631748,17860.528218694886
6631751,18785.6455026455
6631754,18578.12698412698
6631755,17177.04982363316
6631756,18293.338095238094
6631757,18293.338095238094
6631760,17879.83201058201
6631773,6748.16859066859
6631776,7853.861111111111
6631781,28439.010141093484
6631782,30983.960798460794
6631783,30983.960798460794
6631784,29487.515993265988
6631786,30924.250601250606
6631787,30189.03940195607
6631788,30569.843634760306
6631789,30760.26551226551
6631790,30229.680335097
6631791,41578.1856261023
6631797,8896.084151034152
6631798,10335.348544973544
6631799,10925.335097001764
6631807,9090.494268077598
6631808,10840.242063492064
6631810,10680.863587030251
6631821,10605.541847041848
6631822,11285.818783068784
6631823,11826.033950617284
6631824,11511.223344556676
6631831,11499.887566137564
6631832,11428.298059964725
6631836,11673.809523809523
6631839,11739.239417989418
6631840,11328.323633156966
6631843,11341.953042328041
6631844,11499.887566137564
6631846,12867.967592592591
6631847,12927.504629629631
6631851,13635.593434343433
6631853,12458.92548500882
6631863,11341.953042328041
6631890,12002.163275613277
6631893,11523.861111111111
6631894,11680.4471340388
6631897,13803.832451499116
6631904,14309.034319384322
6631915,16220.750661375663
6631944,23873.69488536155
6631945,24582.460317460318
6631947,12102.906084656082
6631952,10603.587822671156
6631954,11877.485449735448
6631955,10854.474947891613
6631959,15288.936948853614
6631960,15373.026895943565
6631961,15480.482804232804
6631962,14326.846560846561
6631963,12909.224386724385
6631964,16260.698853615524
6631966,14200.323352573356
6631967,14411.892857142857
6631968,16296.360229276897
6631969,14411.892857142857
6631970,15808.30357142857
6631971,15809.210758377423
6631972,15175.864297739296
6631974,16239.216169632835
6631975,16346.340388007053
6631976,16555.917107583777
6631977,19950.80026455026
6631980,17502.830687830687
6631981,16231.180555555555
6631982,28085.38820747154
6631983,22212.048059964724
6631989,23615.670194003524
6631990,26222.678571428576
6631991,23544.43562610229
6631994,23945.59082892416
6631996,27549.60036876703
6631997,26317.477513227514
6631998,24894.13800705467
6631999,28613.756613756614
6632002,22916.2037037037
6632003,29094.384920634926
6632004,24526.402116402118
6632005,27897.23765432098
6632007,28914.991181657846
6632008,26379.917989417987
6632013,29918.730158730155
6632014,29985.158730158728
6632015,26379.917989417987
6632016,26020.879629629628
6632017,29390.390211640217
6632020,26748.862433862432
6632022,27266.0291005291
6632024,29158.708112874778
6632025,29158.708112874778
6632028,24628.54617604618
6632029,24628.54617604618
6632030,28271.432980599646
6632031,26748.862433862432
6632032,26748.862433862432
6632034,26748.862433862432
6632035,28621.977513227517
6632038,28535.112433862432
6632039,23638.87566137566
6632040,23638.87566137566
6632043,23638.87566137566
6632044,23638.87566137566
6632045,23638.87566137566
6632046,24285.899470899476
6632048,24285.899470899476
6632049,31806.521164021164
6632050,24767.14285714286
6632051,24285.899470899476
6632052,24285.899470899476
6632053,24678.227513227524
6632054,34304.62081128747
6632055,34304.62081128747
6632056,35531.031746031746
6632058,33964.03659611992
6632059,33964.03659611992
6632060,33964.03659611992
6632062,34587.599206349194
6632069,16943.168390251725
6632071,20953.875661375663
6632072,18363.243145743145
6632075,17943.22711239378
6632076,22238.580246913578
6632079,22976.785714285717
6632081,24976.71957671958
6632082,24796.68209876544
6632083,24976.71957671958
6632084,26685.33589866923
6632087,27081.62698412699
6632089,27423.811287477954
6632096,29748.282627865956
6632105,35299.07908449575
6632124,36950.21123937791
6632137,23603.736772486773
6632138,24285.899470899476
6632202,10328.902116402116
6632205,12597.752204585538
6632209,12736.21512746513
6632212,19377.884599967936
6632213,15868.12510020843
6632215,22732.05501288834
6632220,23483.578042328038
6632225,31778.65460157126
6632226,31690.23809523809
6632230,31879.08950617284
6632231,30762.19997594998
6632232,32614.005531505536
6632244,11142.723544973544
6632245,11427.101851851852
6632246,13700.456349206348
6632249,22536.338183421518
6632250,24181.119929453263
6632252,25328.068783068786
6632253,25328.068783068786
6632255,23131.428062678067
6632256,26270.826719576722
6632257,26750.324074074073
6632258,27576.95105820106
6632259,29034.94949494949
6632260,27606.089065255732
6632261,28250.134479717817
6632262,28433.555996472664
6632264,28599.90520282187
6632265,28256.483686067026
6632267,28256.483686067026
6632268,28505.53350970018
6632270,32559.470899470907
6632271,32559.470899470907
6632272,32482.138447971785
6632273,32482.138447971785
6632275,36136.62417829085
6632276,32482.138447971785
6632277,36713.2671957672
6632279,36713.2671957672
6632280,34938.90652557319
6632281,34035.125661375656
6632282,50500.044091710755
6632283,45477.597001763665
6632288,18514.343394260057
6632295,15713.290343915347
6632297,14922.050705467369
6632298,16204.638007054675
6632299,15799.724867724868
6632300,15569.856701940034
6632302,24677.211199294532
6632306,28997.33414733414
6632309,32960.606261022935
6632310,33321.130952380954
6632311,33378.0753968254
6632312,33321.130952380954
6632313,34103.70149911816
6632314,31211.267235850562
6632315,36713.2671957672
6632316,32782.85273368607
6632323,10280.73677248677
6632324,19762.33750200417
6632325,20804.506172839505
6632326,17441.217372134037
6632328,20211.435185185186
6632330,21312.534171075833
6632338,37095.1851851852
6632340,40507.18253968253
6632346,44418.72066205399
6632347,40869.46428571429
6632352,40107.88888888889
6632353,39235.86199294533
6632354,38942.409611992945
6632361,38865.63351771686
6632363,39446.847442680766
6632364,41068.07407407407
6632366,42696.69091710759
6632369,46241.286956870295
6632372,52296.88712522046
6632379,47675.08994708995
6632384,43218.787999038
6632385,45024.91093474427
6632386,50717.98941798942
6632389,51982.539482122804
6632398,18091.365941157605
6632399,15157.294973544971
6632401,25332.233245149906
6632404,32444.382114798776
6632408,16346.084656084657
6632414,32091.853956228944
6632416,29601.479276895952
6632420,48208.01507134841
6632421,51858.89490139491
6632423,68294.90299823634
6632425,80051.70220458554
6632426,76162.7338864839
6632428,74421.20169953504
6632431,85665.38359788361
6632436,17945.61618165785
6632438,34600.90167548501
6632440,28456.12433862434
6632462,52296.88712522046
6632475,17415.58742183742
6632487,31190.341710758374
6632489,27810.493827160495
6632493,22576.556437389772
6632508,15720.367019400355
6632509,12285.125881834218
6632564,7166.412217412217
6632568,11444.639550264546
6632599,13738.078703703703
6632604,16674.441237774572
6632605,17633.796296296296
6632616,10393.777777777777
6632618,11626.218253968253
6632620,13692.761183261186
6632623,14665.461199294536
6632625,11622.32561728395
6632626,11328.316798941798
6632628,20133.8763628347
6632629,20133.8763628347
6632631,21113.013668430336
6632633,29550.593033509696
6632648,16147.274029982362
6632649,17357.772398589066
6632651,17897.799823633155
6632652,18820.03747795414
6632656,22112.92504409171
6632658,13935.236772486774
6632663,18324.510582010585
6632827,15991.966490299827
6632831,14675.257936507935
6632864,14218.52985810486
6632890,14948.829365079366
6632893,23936.740520282183
6632901,22812.573853615522
6632902,25337.555114638442
6632905,25874.65544332211
6632923,15909.556878306874
6632949,14038.073192239855
6632953,13548.309455976121
6633002,15467.96626984127
6633332,13574.67548500882
6633345,11902.966971300302
6633375,20767.20679012345
6633397,20325.169091710755
6633398,20922.742504409172
6633404,24730.225308641977
6633410,19730.89947089947
6633415,30587.220017636682
6633421,23056.30555555555
6633425,13274.653880070548
6633427,21854.177689594355
6633428,20462.76234567901
6633430,23026.31834215167
6633431,25468.05555555555
6633432,28298.720017636693
6633436,23301.803350970014
6633439,29356.521164021175
6633441,28381.403318903325
6633442,28571.171837421844
6633443,38260.001202501204
6633449,24556.926807760137
6633456,33429.1049382716
6633458,40771.00529100529
6633489,24311.97971781305
6633500,36690.78823953825
6633501,39296.86507936508
6633502,31157.320004070007
6633533,34234.65472798807
6633567,69227.25308641976
6633574,32830.05952380952
6633576,63087.95414462081
6633581,12768.207231040566
6633583,12622.529982363316
6633604,87614.00793650794
6633609,69227.25308641976
6633624,52453.485449735446
6633626,53039.36067019401
6633627,56186.01851851853
6633723,32302.500000000004
6633929,34748.31298331298
6633931,47431.73280423281
6633943,24441.716049382718
6633988,40328.70382703717
6633989,44788.18342151676
6633990,41113.11708353375
6633992,62768.978274811605
6633998,66705.3373015873
6634023,29409.780026455017
6634025,34485.85582010581
6634027,36319.60317460318
6634028,33567.12181337182
6634031,42900.01288834623
6634032,45053.92746913579
6634033,49004.78174603174
6634035,52631.481481481474
6634037,68811.55202821869
6634039,28063.668430335096
6634040,36045.04320987653
6634041,36075.415784832454
6634051,80687.3027898028
6634052,47664.73544973544
6634053,54186.481481481474
6634055,54347.610229276885
6634056,54067.05467372132
6634058,47021.09788359788
6634059,47021.09788359788
6634060,47760.72751322751
6634061,47093.723544973545
6634062,48374.37169312169
6634071,15976.43143738977
6634109,12699.465388007051
6634131,21051.64662497996
6634547,12800.373677248675
6634554,14580.269841269841
6634615,35678.73218294051
6634617,11491.044973544973
6634656,21051.64662497996
6634699,10929.389329805994
6634726,19880.70017636684
6634772,10908.747795414462
6634774,12699.465388007051
6634778,26819.83465608466
6634794,13418.42081529582
6634796,18949.096119929454
6634798,16562.053571428572
6634799,18949.096119929454
6634803,19375.537918871254
6634804,23241.677689594355
6634805,23560.57980599647
6634806,22079.34744268078
6634807,22882.418430335096
6634808,23868.5582010582
6634812,13418.42081529582
6634814,21051.64662497996
6634816,14979.657186948858
6634828,21051.64662497996
6634914,52656.28739778739
6634917,36110.312169312165
6634922,15215.676166426168
6634928,17606.326719576722
6634950,40424.83465608465
6634951,44063.1459435626
6634959,28553.85361552028
6634961,28647.249779541446
6634962,53933.95943562611
6634966,71042.5815696649
6634970,26224.14578322912
6634984,25763.765432098768
6635003,16921.710878627542
6635007,53028.466710758374
6635011,50902.610229276885
6635031,24824.894179894174
6635033,26372.425845759182
6635036,43590.1565255732
6635039,38347.09435626102
6635043,56351.51334776335
6635044,68966.08465608465
6635067,22687.49779541446
6635072,18591.59171075838
6635098,16220.591430174763
6635104,76637.7976190476
6635107,59736.90476190475
6635108,56151.65343915343
6635110,45056.4880952381
6635116,42794.52821869488
6635117,43677.067901234564
6635121,52706.75154320988
6635137,24034.492945326285
6635140,30531.792328042324
6635146,31917.466931216935
6635148,35324.34303350971
6635153,38033.66402116402
6635154,41264.71182212849
6635155,40284.66289882957
6635156,42643.34896584896
6635157,42502.53052503053
6635158,43502.195767195764
6635178,40616.14137405803
6635179,41516.22354497354
6635180,40157.870169953494
6635196,21631.39329805996
6635214,68698.93690877025
6635227,76637.7976190476
6635255,44843.968253968254
6635276,26323.712522045855
6635287,53767.86375661376
6635289,21533.970458553787
6635304,39385.40035273368
6635307,34328.822751322754
6635311,28721.70153920155
6635312,54726.37566137566
6635324,22897.420634920632
6635332,22439.408289241626
6635339,26879.325396825392
6635340,34275.00661375661
6635342,26846.88492063492
6635344,36377.44047619047
6635353,47469.920634920636
6635356,16606.900352733683
6635367,20328.482243065573
6635369,30535.943562610224
6635373,32946.018518518526
6635385,26934.794973544973
6635393,18578.117283950618
6635396,19522.269179894178
6635415,29204.510582010582
6635419,12192.638447971784
6635421,16301.62257495591
6635422,16762.367724867727
6635423,18093.42372134039
6635424,17657.277537277536
6635430,11741.413359788361
6635433,16561.005767997434
6635434,16561.005767997434
6635438,16327.658509700177
6635440,15684.636844636843
6635445,31712.561928811934
6635446,13291.455727914064
6635460,12845.29230800064
6635461,14655.017636684302
6635473,14190.46737213404
6635498,22776.210317460314
6635502,64960.1984126984
6635517,36945.456349206346
6635523,37759.17372134038
6635532,34590.17636684304
6635535,39037.27954144621
6635542,22879.53373015873
6635556,20649.223985890654
6635579,18734.886964886966
6635614,37790.10361552028
6635615,18951.017416225754
6635631,20536.730599647268
6635632,15824.231481481485
6635634,13044.35994869328
6635638,12472.80467372134
6635639,12854.087782587787
6635651,16905.205687830687
6635653,19604.106541606536
6635657,16883.96274250441
6635665,39124.455467372136
6635669,21249.50396825397
6635677,12767.393779060447
6635688,21412.115700657363
6635716,21866.646224146225
6635724,15660.526895943558
6635726,15236.711657169992
6635727,17553.69488536155
6635731,21109.099326599327
6635742,62148.64678531348
6635745,31937.342472342465
6635746,23481.33156966491
6635757,21698.14794773128
6635759,85118.78527336862
6635766,110481.61475869811
6635771,115381.12974987976
6635777,61694.60758377426
6635782,24335.706569664893
6635784,12698.794973544971
6635817,47810.994268077615
6635828,22304.284171075833
6635830,51753.71352413018
6635831,52114.47009780343
6635832,53924.337221420545
6635837,70455.58421516753
6635843,13106.872574955907
6635849,35740.27336860671
6635854,14580.214065255734
6635861,47133.128306878294
6635868,12405.488536155206
6635877,42900.66398108064
6635885,46460.67460317459
6635886,79031.9597069597
6635894,29731.281966490307
6635895,87077.09435626103
6635908,80773.24294532626
6635925,87428.04894179894
6635927,11084.349206349205
6635936,24584.836860670202
6635957,13699.100970017636
6635961,19513.9451058201
6635963,11237.85970819304
6635978,30530.416726791726
6635985,12079.683201058202
6635988,14492.583774250437
6636014,21978.09523809524
6636016,18470.417989417987
6636017,24912.58798300465
6636018,20167.987213403878
6636019,19329.869929453263
6636020,21505.321428571424
6636023,23564.39373897707
6636025,19102.277336860672
6636029,19102.277336860672
6636032,19727.303791887123
6636033,31146.89654481321
6636036,31723.941798941796
6636037,25774.32760141094
6636041,27202.852733686064
6636043,34532.56794131793
6636045,13648.457010582011
6636047,42553.968253968254
6636051,32928.05675805675
6636053,33941.51495109828
6636056,32204.085097001764
6636057,51427.38536155205
6636059,45133.61772486773
6636061,42607.18467643468
6636062,42607.18467643468
6636063,42607.18467643468
6636064,42099.59796376463
6636066,57492.35008818342
6636074,62639.733245149924
6636077,84484.26146384481
6636080,18927.373236331565
6636081,69075.10802469136
6636084,82561.69736128069
6636090,47170.652557319234
6636091,46112.22442680777
6636094,55582.656525573206
6636095,60646.309523809534
6636104,35456.72619047619
6636107,28928.835978835978
6636114,32367.989818823145
6636115,29032.31040564374
6636118,49881.73500881834
6636119,35165.44532627866
6636121,62444.98015873015
6636122,64638.902116402125
6636125,33337.32694003527
6636126,34136.89634439634
6636128,67552.35229276896
6636129,61751.99514991182
6636137,53198.27821869489
6636139,48696.93121693122
6636141,62002.91005291005
6636142,60940.37698412698
6636143,68512.63888888889
6636154,17950.203423120092
6636158,56841.60493827159
6636160,29976.25468975469
6636163,41645.4761904762
6636165,40045.56878306879
6636167,33577.71164021164
6636169,39989.49555074556
6636170,46990.10251322751
6636173,32312.300264550264
6636174,41701.75705467372
6636175,38559.18209876543
6636177,30338.1746031746
6636179,32357.80643738977
6636181,31516.99477991144
6636183,33008.24720418471
6636185,39352.910453743796
6636190,41283.12610229278
6636195,45541.47627064294
6636196,36312.02380952382
6636197,41624.37329645664
6636200,44320.653439153444
6636205,55558.62433862434
6636206,45758.69708994708
6636210,76416.96208112875
6636213,62771.34810405643
6636214,63983.17901234566
6636220,61039.69246031744
6636234,61073.76119251118
6636235,40609.37149270482
6636238,55957.4933862434
6636241,79288.34656084656
6636242,80934.3077601411
6636244,83950.74194324194
6636255,87124.24743466411
6636260,84333.98589065256
6636281,26144.029982363314
6636290,36071.81914381915
6636301,49306.60052910054
6636304,46766.98633156967
6636444,47535.224867724864
6636464,25330.612373737375
6636496,53227.493386243375
6636508,37482.530864197535
6636509,63089.180063763386
6636512,31162.539682539682
6636513,42866.567460317456
6636515,88925.30842151675
6636517,78917.38095238093
6636522,110481.61475869811
6636540,13940.769721019718
6636541,13880.842151675488
6636542,38124.542247875586
6636543,29776.027336860665
6636544,18781.27425044092
6636545,55857.90343915343
6636546,45787.34126984128
6636547,54898.19885361552
6636548,60937.958553791876
6636549,58544.92223825556
6636550,47866.92460317461
6636551,61671.316137566115
6636552,51659.39916564916
6636555,80306.41313932983
6636556,78289.28571428571
6636558,65913.00485008818
6636560,81071.18827160494
6636563,15021.84413580247
6636564,15763.20125861793
6636571,14760.946869488535
6636573,80765.43650793651
6636583,76501.26322751322
6636585,89899.44223985891
6636588,79397.91446208113
6636594,90962.50280583613
6636603,60126.834215167546
6636604,60332.156084656075
6636605,74504.89858906524
6636618,54702.51142376142
6636619,54702.51142376142
6636620,55249.065656565646
6636621,55271.95586820586
6636622,55271.95586820586
6636634,14728.19967532468
6636635,14728.19967532468
6636636,52761.91798941799
6636637,47166.33537758537
6636639,65590.01102292769
6636640,56223.48985890651
6636641,69186.9378306878
6636642,74199.51058201058
6636644,78680.18738977073
6636646,69186.9378306878
6636647,70999.89902998236
6636648,62356.98412698412
6636649,62211.15520282186
6636650,72261.71516754851
6636651,53147.96737213403
6636652,59516.71381088047
6636654,46974.62081128748
6636655,48834.2394179894
6636657,89413.7037037037
6636661,48703.53755812088
6636662,18735.077360910695
6636663,20032.175925925927
6636664,30547.20077761744
6636666,72285.85978835977
6636725,43387.20478595479
6636748,29213.940596440596
6636764,28520.974426807752
6636773,26905.49162257496
6636785,18449.795274170272
6636822,17134.55018746686
6636833,11636.748556998557
6636838,10863.0291005291
6636839,11492.353174603177
6636847,16195.180776014107
6636851,13091.838624338621
6636884,19240.016534391536
6636926,12927.013628346962
6636945,23208.11788520122
6637186,11433.247354497355
6637196,10244.082671957673
6637197,11698.167989417989
6637201,13175.97222222223
6637205,13208.67173721341
6637209,16880.9960718294
6637210,17170.782026615358
6637213,11744.89417989418
6637215,10952.57275132275
6637216,11085.800264550266
6637217,11255.957190957191
6637218,11609.630731922398
6637219,13773.023589065255
6637220,13885.610670194
6637222,17628.78968253968
6637224,14995.702561327562
6637226,11682.655423280426
6637227,11682.655423280426
6637229,11964.988275613274
6637230,11349.235409652078
6637231,11562.469536636205
6637232,11349.235409652078
6637233,11247.54078483245
6637234,11376.272446689112
6637235,12664.54114558281
6637236,13267.811155202822
6637238,13130.270061728397
6637242,14143.291446208113
6637246,16403.093033509704
6637249,16403.093033509704
6637250,16403.093033509704
6637253,15071.159611992944
6637254,16403.093033509704
6637255,14812.202380952378
6637256,16403.093033509704
6637257,16403.093033509704
6637259,13705.638227513227
6637262,13114.343033509702
6637263,15568.220899470898
6637264,12356.395502645499
6637265,14148.84369488536
6637266,15214.607583774246
6637267,13419.588844797177
6637268,13906.169532627864
6637273,19189.327601410936
6637314,6331.970859387526
6637327,6254.098985890653
6637331,7358.922619047617
6637345,7315.200176366843
6637351,7413.255291005291
6637357,7983.027777777777
6637359,7983.027777777777
6637360,8018.48544973545
6637367,7239.4629629629635
6637368,7700.359347442679
6637371,7825.449294532628
6637373,9416.16333974667
6637382,9782.925685425686
6637385,6565.057726224393
6637386,7100.343440510106
6637388,6797.469101885767
6637389,6903.401641568307
6637392,7254.661552028217
6637393,6970.882682132681
6637395,7912.546737213402
6637398,7707.267857142856
6637399,7631.319444444442
6637402,10997.601410934743
6637405,12048.572430655766
6637412,10238.354757896424
6637413,9405.719576719577
6637417,9615.66287878788
6637419,9352.681878306877
6637423,10262.736592111592
6637429,9472.340448132114
6637434,10953.019341769343
6637438,9739.567239858907
6637442,8723.44290123457
6637444,9163.74074074074
6637450,9680.171075837743
6637456,9632.54920234087
6637461,9788.153439153437
6637463,6813.851817935151
6637468,13706.352112393777
6637483,9291.205667789001
6637484,9267.419532627864
6637487,9988.525132275132
6637497,9730.97619047619
6637510,12640.427726594395
6637514,13173.261684303354
6637515,9944.029541446207
6637516,10510.561948853616
6637517,11436.922652964317
6637519,12451.257716049384
6637531,8714.73897707231
6637533,10074.381613756614
6637534,11631.768077601415
6637535,11843.077000160334
6637539,13199.946829405164
6637540,11766.574074074077
6637542,11841.152998236334
6637546,11167.228174603175
6637547,10712.547017797016
6637550,6649.342592592594
6637551,8464.644460477792
6637556,12383.011223344556
6637558,12493.105820105822
6637560,12480.16093474427
6637566,12767.906505531502
6637568,13499.73324514991
6637569,14078.430996472664
6637571,11852.625661375658
6637576,12380.494227994228
6637577,12501.157407407409
6637581,26623.872053872055
6637582,27448.80952380952
6637584,13051.321649029984
6637589,13207.438271604942
6637592,11180.018298059964
6637593,10852.597001763668
6637596,11071.190476190477
6637603,12722.063492063495
6637607,11749.414902998238
6637609,12260.987654320987
6637614,11242.251102292768
6637615,11292.958994708997
6637618,11332.636904761906
6637619,11525.690476190477
6637620,11191.53703703704
6637621,11191.53703703704
6637622,11525.690476190477
6637623,11602.786996953666
6637624,10984.409171075838
6637625,11332.636904761906
6637628,11670.360229276897
6637629,11670.360229276897
6637631,11670.360229276897
6637632,11743.289241622575
6637633,11592.588183421518
6637634,11242.251102292768
6637635,11242.251102292768
6637636,11636.615961199297
6637637,11242.251102292768
6637638,11879.934263267596
6637639,11636.615961199297
6637640,11636.615961199297
6637641,11636.615961199297
6637644,11615.87081128748
6637645,11242.251102292768
6637646,11966.679693763026
6637647,12622.541887125217
6637649,10874.862874779543
6637650,11636.615961199297
6637651,11670.360229276897
6637652,11879.934263267596
6637653,12232.518037518039
6637655,12655.475188391854
6637657,13515.229276895941
6637665,12342.105379188713
6637676,14379.497354497356
6637680,13661.730599647266
6637696,17294.933862433867
6637699,15245.709676126347
6637704,12803.451499118168
6637705,12270.609567901236
6637708,14259.15343915344
6637710,13698.119488536155
6637711,13796.697530864198
6637714,11970.795033670032
6637716,12824.755291005291
6637717,13584.456870290202
6637718,13913.042328042326
6637719,14106.449735449736
6637721,13584.456870290202
6637723,24978.251763668435
6637724,11036.120330287
6637726,10985.47729276896
6637727,12260.033068783068
6637731,10912.792107583775
6637732,11425.224867724866
6637733,11233.702601410934
6637737,13173.880070546738
6637738,11021.441798941798
6637741,11158.743386243385
6637742,12377.466931216932
6637744,14911.957671957674
6637754,13103.077601410934
6637755,13008.033950617286
6637756,10519.379729838063
6637759,13103.55643738977
6637760,13103.077601410934
6637761,13103.077601410934
6637765,29894.627344877335
6637766,11155.642636684308
6637775,28750.489558281228
6637777,13615.54232804233
6637778,11605.863395863395
6637780,13173.880070546738
6637781,13173.880070546738
6637786,11227.234347442682
6637787,12973.710317460316
6637788,12900.553350970016
6637792,11087.245370370369
6637793,11870.176166426163
6637794,12134.662698412696
6637796,12524.720017636684
6637797,11102.800925925925
6637798,12243.736772486769
6637799,12524.720017636684
6637800,12539.997795414462
6637801,12663.172398589066
6637802,11841.756854256853
6637806,11636.615961199297
6637808,11894.84126984127
6637809,12013.531746031742
6637821,13674.84347442681
6637822,13971.600529100531
6637823,14302.623456790128
6637825,14474.706790123459
6637827,15422.883197049867
6637829,14563.390652557322
6637843,15233.204665704663
6637845,14586.404541446209
6637846,14087.263007054671
6637847,13973.820847362513
6637848,14298.631172839509
6637849,13973.820847362513
6637850,13849.685044893376
6637851,14942.16732804233
6637858,13940.097442680779
6637863,16003.24074074074
6637864,15456.968694885361
6637871,17434.278198653195
6637878,16029.775132275137
6637880,14263.564814814814
6637883,14916.592111592114
6637884,14824.09171075838
6637888,11959.730379188713
6637889,11987.992724867727
6637890,11947.088844797177
6637891,11947.088844797177
6637892,11947.088844797177
6637893,11947.088844797177
6637894,11947.088844797177
6637895,11947.088844797177
6637896,11947.088844797177
6637897,11947.088844797177
6637908,13035.302028218695
6637910,13502.066798941798
6637913,12559.483024691359
6637917,12129.522707231043
6637921,14834.305555555553
6637925,14263.564814814814
6637926,14263.564814814814
6637927,14230.588624338621
6637928,14230.588624338621
6637930,14130.648148148148
6637932,14495.363756613759
6637933,14041.441798941796
6637934,14619.708994708993
6637935,14144.738756613755
6637937,14508.234126984125
6637938,14575.526895943562
6637939,14495.363756613759
6637940,14738.858024691353
6637941,14364.194223985889
6637943,14508.234126984125
6637944,14495.363756613759
6637947,15872.65873015873
6637948,15526.448412698413
6637952,14393.425925925927
6637955,14555.310806477479
6637958,14189.041406124743
6637963,15035.000400833735
6637965,15191.494708994709
6637966,14658.721741221745
6637967,16317.449294532626
6637968,15848.686467853136
6637969,13687.319223985889
6637970,14361.400312650312
6637971,14829.257455507459
6637972,14875.538319704987
6637977,12857.746913580248
6637980,15684.962522045862
6637981,16838.100749559086
6637982,13935.579805996473
6637984,13317.330246913583
6637985,13317.330246913583
6637991,13396.959876543213
6637995,10199.53262786596
6637999,8430.843053551389
6638002,8368.804232804232
6638012,11229.934964726632
6638015,11514.349115390783
6638017,10612.213624338621
6638024,9970.472001763668
6638026,10606.631734006734
6638034,18487.287257495595
6638037,18450.54894179894
6638038,18710.059323392652
6638039,26595.21522045854
6638040,25237.354497354492
6638051,26263.712522045855
6638052,26255.802469135793
6638059,14327.66005291005
6638061,14227.9310966811
6638074,15954.748877665548
6638113,14854.186006894337
6638138,16506.70634920635
6638189,18562.037037037036
6638191,29331.514550264543
6638248,11206.810125060125
6638249,14466.580527497192
6638253,12252.287918871252
6638274,19535.86786515953
6638370,13118.97156084656
6638570,12332.694564694568
6638581,11303.316698733366
6638597,25554.131393298056
6638598,20589.90299823633
6638600,18900.652958152954
6638615,24489.49955908289
6638616,20421.693121693123
6638638,9986.604938271606
6638641,10247.716931216932
6638656,11934.27719656886
6638659,10633.947089947093
6638660,10633.947089947093
6638664,10177.145502645504
6638671,11158.07319223986
6638695,7698.786034952702
6638706,21756.75044091711
6638707,9101.970518678852
6638761,7496.88139329806
6638773,9583.892195767196
6638774,9410.974326599324
6638801,24624.827160493824
6638819,10075.424663299664
6638821,11931.341049382716
6638839,11811.26503126503
6638841,16084.368686868685
6638846,56654.71240179574
6638856,13652.735890652555
6638867,13437.795414462078
6638873,15077.136042969376
6638877,11642.406746031746
6638878,11899.065756774091
6638891,13468.813712522044
6638912,15069.722222222223
6638931,24624.827160493824
6638993,13777.455908289245
6639098,33459.212161295494
6639099,34273.25597242265
6639135,42615.71649029981
6639192,19946.446208112877
6639196,17789.060846560846
6639211,21785.06613756614
6639213,28315.903479236815
6639418,41669.63413900914
6639419,41669.63413900914
6639420,41669.63413900914
6639482,83020.88403880071
6639484,71591.46645021644
6639493,28132.3487654321
6639496,20839.16225749559
6639505,19069.026675485013
6639519,18547.80202821869
6639536,18793.12389770723
6639537,21624.618606701937
6639539,24247.347883597886
6639562,38088.36552028218
6639563,41819.712522045855
6639564,49300.994468494464
6639613,33595.03266794934
6639659,15063.711419753088
6639672,76062.7781169448
6639674,77407.70502645502
6639687,55820.760582010575
6639692,29522.455707872374
6639717,48545.9942680776
6639728,28891.49470899471
6639746,29353.844717011383
6639747,30928.668350168355
6639846,30993.0753968254
6639902,49078.54797979797
6639916,11597.033770242102
6639922,21626.2569683403
6640006,17956.390091390094
6640039,86665.82010582011
6640067,88696.60714285713
6640098,77185.86640211641
6640227,66524.01675485008
6640231,32128.45679012345
6640233,56518.53218694886
6640236,68557.45270161935
6640237,36596.38668430335
6640238,72567.19576719576
6640250,68951.50352733686
6640267,86886.8253968254
6640268,85746.80086580088
6640269,85477.35642135642
6640270,89833.28703703704
6640273,54650.13207471542
6640276,54292.211199294514
6640279,74426.06000481
6640280,87542.75220458556
6640281,82595.07611832612
6640282,31666.82980599647
6640283,32120.385802469133
6640289,73714.72142055476
6640294,79897.49478916146
6640296,84937.1913580247
6640301,57461.23611111111
6640302,76980.26374859709
6640303,76980.26374859709
6640308,39687.49819624819
6640309,78658.98949815617
6640310,83642.20650953981
6640315,19687.092151675486
6640322,17897.19316177649
6640326,20655.265652557322
6640328,20645.440917107586
6640329,23626.873096039766
6640332,57636.46384479716
6640333,88048.21428571429
6640334,19670.361050986052
6640336,27646.904761904756
6640340,24352.116402116408
6640343,27458.353174603173
6640349,53036.33958633959
6640350,38946.5873015873
6640352,41018.96825396825
6640353,70585.80467372134
6640355,67258.34435626102
6640356,76047.98352573352
6640363,10451.562610229279
6640371,72935.97001763668
6640400,27595.631112714455
6640431,27054.216049382718
6640445,82444.48833573835
6640448,78260.60846560847
6640449,77447.67857142857
6640452,77702.74029982362
6640455,77595.65957190956
6640456,83614.31216931218
6640457,82188.07539682541
6640462,89143.61331569667
6640468,51945.31966490301
6640473,88044.44356261023
6640475,88596.3271604938
6640479,13201.806277056276
6640483,51152.72707231041
6640579,24970.82010582011
6640597,11659.777336860674
6640598,12740.872534872531
6640625,10636.21340388007
6640631,12148.415303831971
6640648,15721.439594356263
6640657,6423.132014590348
6640797,13700.744047619048
6640802,11957.052248677246
6640900,29352.90939153439
6641582,16419.021164021164
6641584,15709.973544973549
6641607,12703.755010421677
6641610,7920.2614638447985
6641642,8380.612874779543
6642191,10295.022246272245
6642205,11000.101410934745
6642210,12490.894314019315
6642216,12296.66666666667
6642218,10095.032186948854
6642219,12757.359006734008
6642226,10381.440035273368
6642227,11212.201278659611
6642228,11322.64880952381
6642229,11322.64880952381
6642233,14465.520282186955
6642235,11322.64880952381
6642236,12286.640160765155
6642240,16702.63949013949
6642241,16432.62950937951
6642245,12957.011684303345
6642247,14815.238095238095
6642248,14227.835497835498
6642253,25218.293650793657
6642254,12225.867504409172
6642255,13020.017416225748
6642270,25766.484126984138
6642272,31739.46817380151
6642275,31888.773729357068
6642278,32021.30723905724
6642287,26791.66622574956
6642288,12319.735449735448
6642292,12297.207190957191
6642293,12656.543209876541
6642294,14180.701058201059
6642296,11258.761423761423
6642299,12297.207190957191
6642301,11258.761423761423
6642302,11258.761423761423
6642303,12435.282587782589
6642304,13743.247755331086
6642305,13725.906485489819
6642306,13171.679107929109
6642309,12863.321524154859
6642310,12863.321524154859
6642312,13528.394260060926
6642313,13357.24264069264
6642314,13296.656044572714
6642316,13715.517376142378
6642317,14363.283629950294
6642318,13951.63179413179
6642319,13951.63179413179
6642320,14313.69969536636
6642322,14167.202781786113
6642323,13951.63179413179
6642328,12472.385762385762
6642329,13248.15776815777
6642330,15907.072711239378
6642337,15328.443963443966
6642338,15605.626503126505
6642356,14556.646825396825
6642357,14465.659171075835
6642363,14762.142756934425
6642391,12507.342372134035
6642418,18060.906525573195
6642433,19397.030062530062
6642434,16379.071729196725
6642710,11359.943783068784
6642711,13000.424382716048
6642946,11711.037918871252
6643123,15809.10934744268
6643158,10914.22673160173
6643164,12633.288540163536
6643167,25006.226258309594
6643168,22247.540885040882
6643170,27044.356769773443
6643171,38662.5352733686
6643173,9767.215608465609
6643184,11424.94532627866
6643186,12447.771164021162
6643196,28468.077601410925
